,brand,url,label,website_active
0,#ladc,https://www.ladc-paris.com,NOT,True
1,'47,https://47brand.com,NOT,True
2,- contraer -,https://contraer.com,NOT,True
3,032c,https://032c.com,SUS,True
4,10 feet,https://10feet.nl,NOT,False
5,11 degrees,https://11degrees.com,NOT,True
6,2mok,https://2mok.pt,SUS,True
7,2ndday,http://2ndday.com,NOT,True
8,3.1 phillip lim,https://31philliplim.com,NOT,True
9,4funkyflavours,https://4funkyflavours.eu,NOT,True
10,4th & reckless,https://4thandreckless.com,NOT,True
11,5.11,https://511tactical.com,NOT,True
12,66 north,https://66north.com,NOT,True
13,7 diamonds,https://7diamonds.com,NOT,True
14,7 for all mankind,https://www.7forallmankind.co.uk,NOT,True
15,8848 altitude,https://www.8848altitude.com,NOT,True
16,a fish named fred,https://afishnamedfred.com,NOT,True
17,a.p.c,https://apc.fr,NOT,False
18,aaiko,https://aaiko.com,NOT,True
19,abercrombie & fitch,http://abercrombie.com,NOT,False
20,abk,http://abk-climbing.eu,NOT,True
21,about you,https://aboutyou.nl,NOT,True
22,abury,https://abury.net,SUS,True
23,aclima,http://aclima.com,SUS,True
24,acne,https://acnestudios.com,NOT,True
25,act,https://act-store.com,NOT,True
26,action,https://actionshop.com,NOT,False
27,active basic,https://activebasicusa.com,NOT,True
28,ada perlu,https://adaperlu.com,SUS,True
29,adam,https://adamlippes.com,NOT,True
30,adelheid,https://adelheidbergin.com,SUS,False
31,adidas,https://adidas.com,NOT,False
32,adolfo dominguez,https://adolfodominguez.com,NOT,True
33,aevor,https://aevor.com,SUS,True
34,afriek,https://afriek.com,SUS,True
35,after eden,https://aftereden.nl,NOT,True
36,aftermath,https://aftermath.com.au,SUS,True
37,ag jeans,http://agjeans.com,NOT,True
38,agolde,https://agolde.com,NOT,True
39,ahimsa,https://useahimsa.com,NOT,True
40,ahrberg,http://www.ahrbergjacksondesign.co.uk,SUS,False
41,aigner,https://aignermunich.com,NOT,True
42,aikyou,https://aikyou.de,SUS,True
43,airblaster,https://myairblaster.com,SUS,True
44,airforce,https://air-force.nl,NOT,False
45,akbar delights,http://akbardelightscollections.com,SUS,True
46,akomplice,https://akomplice-clothing.com,NOT,True
47,akris,https://akris.com,NOT,True
48,al mara scarves,https://almarascarves.com,SUS,True
49,alas,https://alasboutique.com,SUS,False
50,alba of denmark,https://albaofdenmark.dk,SUS,True
51,albero,http://alberonatur.com,SUS,True
52,alberta ferretti,https://albertaferretti.com,NOT,True
53,alberto,https://alberto-pants.com,NOT,True
54,alca fashion,https://alcafashion.com,NOT,False
55,alchemist,https://alchemist-fashion.com,SUS,True
56,alcott,https://alcott.eu,NOT,True
57,alex mill,https://alexmill.com,SUS,True
58,alexander mcqueen,https://alexandermcqueen.com,NOT,True
59,alexander wang,https://alexanderwang.com,NOT,True
60,alife and kickin,https://alifeandkickin.nl,SUS,False
61,alkena,https://alkena.de,SUS,True
62,all gems,https://allgems.nl,SUS,True
63,all things we like,https://allthingswelike.com,SUS,True
64,allpa,https://allpa-marine.com,SUS,True
65,allsaints,https://allsaints.com,NOT,True
66,alma & lovis,https://almalovis.de,SUS,True
67,almgwand,https://almgwand.at,NOT,True
68,alolola,https://alolola.com,SUS,False
69,alpha industries,https://www.alphaindustries.com,NOT,True
70,alpina,https://alpina-automobiles.com,SUS,True
71,alpinestars,https://alpinestars.com,NOT,True
72,altercore,http://altercore.co.uk,SUS,True
73,altra,https://www.altrarunning.com,NOT,True
74,amazonas,https://amazonasclothing.co.uk,SUS,False
75,ambiorix,http://ambiorix.be,NOT,True
76,america today,https://america-today.com,NOT,True
77,american apparel,https://americanapparel.com,NOT,True
78,american vintage,https://americanvintage-store.com,NOT,True
79,amsterdenim,https://amsterdenim.com,NOT,True
80,amuse society,https://amusesociety.com,SUS,True
81,ana dyla,https://anadyla.com,SUS,False
82,anatomicals,http://anatomicals.com.mt,SUS,True
83,anecdote,https://anecdote.nl,NOT,True
84,anekdot,https://anekdotboutique.com,SUS,True
85,anello,https://anello.jp,SUS,True
86,anerkjendt,https://anerkjendt.com,SUS,True
87,angulus,https://angulus.dk,NOT,True
88,anita,https://anita.com,NOT,True
89,ann taylor,https://anntaylor.com,NOT,True
90,anna van toor,https://www.annavantoor.nl,NOT,True
91,anne gorke,https://annegorke.com,SUS,False
92,anne semonin,https://annesemonin.com,NOT,True
93,annie greenabelle,http://anniegreenabelle.com,NOT,True
94,another view,http://anotherview.dk,SUS,True
95,anthony,https://anthonysfla.com,NOT,True
96,antwrp,https://antwrp.be,NOT,True
97,anukoo,https://anukoo.com,SUS,True
98,apart,https://apart-fashion.de,NOT,True
99,apple of eden,https://appleofedenshoes.com,NOT,True
100,apricot,https://apricotonline.co.uk,NOT,True
101,aqa,https://aqaq.com,SUS,True
102,ara,https://arajakarta.com,SUS,False
103,aramis,http://aramisbarcelona.com,NOT,True
104,arcopedico,https://www.arcopedico.co.uk,NOT,True
105,arena,https://www.arenawaterinstinct.com,NOT,True
106,argentum,https://argentumfashion.com,NOT,True
107,ariat,https://ariat.com,NOT,True
108,arielle,https://shop-arielle.com,SUS,True
109,aritzia,https://aritzia.com,NOT,True
110,armani exchange,https://armaniexchange.com,NOT,False
111,armor lux,https://armorlux.com,NOT,True
112,arnette,https://arnette.com,NOT,True
113,arnhem,https://arnhem.co,NOT,True
114,artelusa,https://artelusa.pt,SUS,True
115,articles of society,https://articlesofsociety.com,SUS,True
116,artu napoli,http://artunapoli.com,SUS,True
117,arture,https://myarture.com,SUS,True
118,arys,https://www.arys-berlin.com,SUS,True
119,ash,https://ash.com,NOT,True
120,ashish,http://ashish.co.uk,SUS,True
121,asics,https://asics.com,NOT,False
122,asics tiger,https://asicstiger.com,NOT,False
123,asos,https://asos.com,NOT,False
124,asquith,https://asquithlondon.com,SUS,True
125,assembly label,https://assemblylabel.com,SUS,True
126,assos,https://assos.com,NOT,True
127,atelier d'afrique,https://atelier-dafrique.com/,SUS,True
128,atelier phi,https://atelierphi.nl,SUS,False
129,atlas,https://atlasformen.co.uk,NOT,True
130,aubade,https://aubade.co.uk,NOT,True
131,august,https://august1983.com,SUS,False
132,auraque,https://auraque.com,SUS,True
133,aussiebum,https://aussiebum.com,NOT,True
134,avance,https://avance-clothing.com,NOT,False
135,axi schoen,https://axischoen.nl,NOT,True
136,ayacucho,https://www.ayacucho-outdoor.com,SUS,True
137,aymara,http://www.aymara.be,NOT,True
138,azzaro,https://azzaro.com,SUS,True
139,b.belt handmade in germany,https://b-belt.fashion/,SUS,True
140,b.young,https://byoung.com,SUS,True
141,baba babywear,https://baba-babywear.be,SUS,True
142,babyface,http://babyface.nl,NOT,True
143,bad rhino,https://badrhino.com,NOT,True
144,badger,https://www.badgerclothing.co.uk,NOT,True
145,bagoa,https://bagoafashion.com,SUS,True
146,balagan,https://balaganstudio.com,SUS,True
147,balance me,https://balanceme.com,SUS,True
148,baldessarini,https://www.baldessarini.com,SUS,True
149,balenciaga,https://balenciaga.com,NOT,True
150,bally,https://bally.com,NOT,False
151,balmain,https://balmain.com,NOT,False
152,bamboo belgium,https://bamboobelgium.be,SUS,True
153,bambooo,https://vanbamboe.nl/bambooo/,SUS,True
154,bamigo,https://bamigo.com,SUS,True
155,band of outsiders,https://bandofoutsiders.com,NOT,False
156,band of rascals,https://band-of-rascals.com,SUS,True
157,barba napoli,https://barbanapoli.shop,NOT,True
158,barbour,https://barbour.com,NOT,True
159,bardot,https://bardot.com,NOT,True
160,barker,https://barkersonline.co.nz,NOT,True
161,base london,https://baselondon.com,NOT,True
162,baserange,https://baserange.net,SUS,True
163,basic apparel,https://basicapparel.dk,SUS,True
164,bask in the sun,https://baskinthesun.fr,SUS,False
165,basler,https://basler-fashion.com,SUS,False
166,baxter of california,https://baxterofcalifornia.com,NOT,True
167,bbsahel,https://bbsahel.com,SUS,True
168,bcbgeneration,https://bcbgeneration.com,NOT,False
169,beard & fringe,https://beardandfringe.com/,SUS,False
170,bearpaw,https://bearpaw.com,NOT,True
171,beaumont organic,https://beaumontorganic.com,SUS,True
172,becksöndergaard,https://becksondergaard.com/,SUS,True
173,bedrock sandals,https://bedrocksandals.com,SUS,True
174,beechfield,http://beechfield.com,NOT,True
175,bel&bo,https://bel-bo.be,NOT,True
176,bellamy gallery,https://bellamygallery.com,SUS,True
177,bellfield,https://bellfieldclothing.com,SUS,True
178,bellybutton,https://bellybutton.de,NOT,False
179,belstaff,https://belstaff.com,NOT,True
180,ben sherman,https://bensherman.com,SUS,True
181,bench.,https://bench.ca,NOT,True
182,benetton,https://benetton.com,NOT,True
183,bensimon,https://bensimon.com,NOT,True
184,benton,https://benton1988.com,SUS,True
185,bergans,https://bergans.com,NOT,True
186,bergson,https://bergson-shop.de,SUS,True
187,bershka,https://bershka.com,NOT,True
188,bertoni,https://bertoni.com,NOT,True
189,best company,https://bestcompany1982.it/en/new-gen-home-en/,NOT,True
190,better than nude,http://betterthannudes.com,SUS,True
191,better world fashion,https://betterworldfashion.com,SUS,True
192,betty barclay,https://bettybarclay.com,NOT,True
193,beyer's oil,https://beyersoil.com,SUS,True
194,beyond skin,https://beyond-skin.com,SUS,True
195,bhava studio,https://bhavastudio.com,SUS,True
196,bianco,https://bianco.com,NOT,False
197,bibico,https://bibico.co.uk,SUS,True
198,bickley & mitchell,https://bickleyandmitchell.com/,SUS,True
199,bidi badu,https://bidibadu.com,SUS,True
200,bik bok,https://bikbok.com,NOT,True
201,bikkembergs,https://bikkembergs.com,NOT,True
202,billabong,https://billabong.com,NOT,True
203,billi bi,https://billibi.com/en/,NOT,True
204,billy the kid,https://billiethekid.com.au/,SUS,True
205,birkenstock,https://birkenstock.com,SUS,False
206,bisgaard,https://bisgaardshoes.com,SUS,True
207,bizzbee,https://bizzbee.com,NOT,True
208,björn borg,https://bjornborg.com,NOT,True
209,black diamond,https://blackdiamondequipment.com,NOT,True
210,black milk,https://blackmilkclothing.com,NOT,True
211,blacksocks,https://blacksocks.com,SUS,True
212,blackstone,https://blackstoneclothing.co.nz,NOT,True
213,blaumax,https://blaumax.com,NOT,True
214,blend,https://blendcompany.com,NOT,True
215,blend she,http://www.blendshe.com,SUS,True
216,blind barber,https://blindbarber.com,SUS,True
217,bloi,http://bloi.se,SUS,True
218,bloom,https://bloomclothingcompany.com,SUS,True
219,blue industry,https://www.blueindustry.nl,SUS,True
220,blue seven,https://blueseven.com,SUS,True
221,bluefields,https://bluefields-fashion.com,NOT,True
222,blundstone,https://blundstone.com,NOT,True
223,blush,https://blushclothing.ie,NOT,True
224,blutsgeschwister,https://blutsgeschwister.de,SUS,True
225,bms,https://www.bms-shop.com,SUS,True
226,bocage,https://bocage.eu,NOT,False
227,boden,https://boden.co.uk,NOT,True
228,bogner,https://bogner.com,NOT,True
229,bohemian fair trade,https://bohemianfairtrade.com/,SUS,True
230,bombers,https://bombers-original.com,NOT,True
231,bomboogie,https://bomboogie.com,NOT,False
232,bon'a parte,https://bonaparteshop.com,NOT,True
233,bonsai kitten,https://bonsaikitten.com.au,SUS,True
234,boo surfwear,https://boosurfwear.com,SUS,True
235,boob,https://boobdesign.com,SUS,False
236,boohoo,https://boohoo.com,NOT,True
237,boohoo man,https://boohooman.com,NOT,True
238,bookman,https://bookman.se,SUS,True
239,boomerang,https://boomerangstore.com,SUS,True
240,boras,https://boras.com,SUS,True
241,boris industries,https://borisindustries.com,SUS,True
242,born rich,https://bornrichclothing.com,NOT,True
243,born shoes,https://www.bornshoes.com,NOT,True
244,bota safari,http://botasafari.com/en/,NOT,False
245,bottega veneta,https://bottegaveneta.com,NOT,True
246,bourgeois boheme,https://bboheme.com/,SUS,True
247,boxfresh,https://boxfresh.com,NOT,False
248,boys&girls,https://boysgirlsonline.com,SUS,True
249,braend,http://braend.nl,SUS,True
250,brainshirt,https://brainshirt.eu,SUS,True
251,brako,http://brakoanatomics.com,SUS,True
252,brams paris,https://bramsparis.com,SUS,False
253,brandit,https://brandit-wear.com,SUS,True
254,brandtex,https://brandtex.dk,SUS,True
255,brandy & melville,https://brandymelvilleusa.com,NOT,True
256,brava fabrics,https://bravafabrics.com,SUS,True
257,brave soul,https://bravesoul.co.uk,NOT,True
258,brax,https://brax.com,NOT,False
259,bread & boxers,https://breadandboxers.com/,SUS,True
260,bree,https://bree.com,NOT,True
261,breil,https://breil.com,SUS,True
262,breizuss,https://breizuss.nl,SUS,False
263,brice,https://brice.fr,NOT,True
264,bristol,https://bristol-studio.com,NOT,True
265,british knights,https://britishknights.com,NOT,True
266,brixtol textiles,https://brixtoltextiles.com,NOT,True
267,brixton,https://brixton.com,NOT,True
268,broadway,https://broadwayfashion.ca,NOT,True
269,bronx,https://bronxclothing.co.uk,NOT,True
270,brooklyn soap,https://bklynsoap.com/,SUS,True
271,brooks,https://brooksrunning.com,NOT,True
272,brooks brothers,https://brooksbrothers.com,NOT,True
273,brooks england,https://brooksengland.com,NOT,True
274,brubeck,http://brubeck.co.uk,SUS,True
275,brunello cucinelli,http://brunellocucinelli.com,NOT,True
276,bruno banani,https://brunobanani.com,NOT,True
277,brunotti,https://www.brunotti.com,NOT,True
278,bruuns bazaar,https://bruunsbazaar.com,SUS,True
279,buddha to buddha,https://buddhatobuddha.com,NOT,True
280,bufandy,https://bufandy.com,SUS,True
281,buff,https://buff.com,SUS,True
282,buffalo,http://buffalosystems.co.uk,SUS,True
283,bugatti,https://bugatti-fashion.com,NOT,True
284,bullboxer,https://bullboxer.com,SUS,True
285,bumble and bumble,https://bumbleandbumble.com,NOT,True
286,bundle 'n joy,https://bundlenjoy.com,SUS,True
287,burberry,https://uk.burberry.com,NOT,True
288,burker watches,https://burkerwatches.com,SUS,True
289,burlington,https://burlington.com,NOT,True
290,burt's bees,https://burtsbeesbaby.com,SUS,True
291,burton,https://burton.co.uk,NOT,True
292,by garment makers,https://bygarmentmakers.com/,SUS,True
293,by malina,https://bymalina.com,NOT,True
294,by monkey,https://bymonkey.com/,SUS,True
295,by pia´s,https://bypias.com,NOT,True
296,by signe,https://bysigne.com,SUS,True
297,bydanie,http://bydanie.nl,NOT,True
298,byoni,https://byoni.nl,SUS,False
299,c&a,https://c-and-a.com,SUS,True
300,c.p. company,https://cpcompany.com,NOT,True
301,cabin zero,https://cabinzero.com,SUS,True
302,cakewalk,https://cakewalkstore.com,NOT,True
303,calida,https://calida.com,SUS,True
304,call it spring,https://callitspring.com,NOT,True
305,callaway,https://callawayapparel.com,NOT,True
306,calzedonia,https://calzedonia.com,NOT,False
307,camano,https://camano.de,SUS,True
308,camel active,https://camelactive.de,NOT,True
309,camp david,https://campdavid.com,NOT,True
310,camper,https://camper.com,NOT,True
311,campomaggi,https://campomaggi.com,NOT,True
312,campus,https://campusclothing.com,SUS,False
313,canadian classics,https://canadianclassics.it,NOT,False
314,candice cooper,https://candicecooper.com,SUS,True
315,cano,https://thecanoshoe.com,SUS,True
316,canterbury,https://canterbury.com,NOT,False
317,canussa,https://canussa.com,SUS,True
318,caprice,https://boutiquecaprice.com,SUS,True
319,care label,https://carelabels.co.uk,SUS,True
320,carhartt,https://carhartt.com,NOT,True
321,carhartt wip,https://carhartt-wip.com,NOT,True
322,carla zampatti,https://carlazampatti.com.au,NOT,True
323,carlijnq,https://carlijnq.nl,SUS,True
324,carlo colucci,https://carlocolucci.com,SUS,True
325,carmina campus,https://carminacampus.com,NOT,False
326,carolina cavour,https://carolinacavour.com,SUS,True
327,caroline biss,https://carolinebiss.com,NOT,True
328,carpasus,https://carpasus.com,SUS,True
329,carrera,https://carrerajeans.com,NOT,True
330,carryeco,https://www.carryeco.in,SUS,True
331,cars jeans,https://carsjeans.nl,NOT,True
332,carter's,https://carters.com,NOT,True
333,casa moda,https://casamoda.com,NOT,True
334,casa yustas,https://casayustas.com,SUS,True
335,casall,https://casall.com,SUS,True
336,casio,https://casio.com,SUS,True
337,castelli,https://www.castelli-cycling.com,NOT,True
338,cat footwear,https://catfootwear.nl,NOT,True
339,catimini,https://catimini.com,NOT,False
340,catwalk junkie,https://catwalkjunkie.com,NOT,True
341,cayboo,https://cayboo.nl,SUS,True
342,ceceba,http://ceceba.com,NOT,True
343,cecilie copenhagen,https://ceciliecopenhagen.com,SUS,True
344,celio,https://celio.com,NOT,True
345,cep,https://cepcompression.com,NOT,True
346,cetti,http://cetti.es,SUS,True
347,chaco,https://chacos.com,NOT,True
348,champion,https://championstore.com,NOT,True
349,chanel,https://chanel.com,NOT,True
350,chapati,https://chapati.de,SUS,True
351,charles vögele,http://charles-voegele.nl/,NOT,True
352,charlie + mary,https://charliemary.com,SUS,True
353,charlotte russe,https://charlotterusse.com,NOT,True
354,chasin',https://chasin.com,NOT,True
355,cheaney,https://cheaney.co.uk,NOT,True
356,chi chi london,https://chichiclothing.com,NOT,False
357,chickenorpasta,https://chickenorpasta.nl,SUS,True
358,chie mihara,https://chiemihara.com,NOT,True
359,chiemsee,https://chiemsee.com,SUS,True
360,chillouts,https://chillouts.de,SUS,True
361,chinese laundry,https://chineselaundry.com,NOT,True
362,chloé,https://chloe.com,NOT,False
363,chpo,https://chpobrand.com,SUS,True
364,christophe robin,https://christopherobin.co.uk,NOT,True
365,chureca chic,https://churecachic.com,SUS,True
366,cinque,https://cinque.de,NOT,True
367,circle of trust,https://circleoftrust.nl,NOT,True
368,circlestances,https://circlestances.de,SUS,True
369,citizen,https://moderncitizen.com,NOT,True
370,citizens of humanity,https://citizensofhumanity.com,NOT,True
371,cks,https://cks-fashion.com,NOT,False
372,clae,https://clae.com,NOT,True
373,claesen's,https://claesens.com,SUS,True
374,claire,https://clairewoman.com,NOT,True
375,clarks,https://www.clarks.co.uk,NOT,True
376,cleptomanicx,https://cleptomanicx.com,NOT,True
377,clinique,https://clinique.com,NOT,True
378,closed,https://closed.com,SUS,True
379,closet london,https://closetlondon.com,NOT,True
380,club monaco,https://www.clubmonaco.com,NOT,True
381,cmp,https://cmpsport.com,NOT,True
382,coach,https://coach.com,NOT,True
383,coast,https://www.coastfashion.com,NOT,True
384,cobian,https://cobianusa.com,NOT,True
385,coccara,https://coccara.de,NOT,False
386,coccinelle,https://coccinelle.com,NOT,True
387,codello,https://codello.de,SUS,True
388,cole haan,https://colehaan.com,NOT,True
389,coline,https://www.coline.com,NOT,True
390,collégien,https://en.collegien-shop.com/,SUS,True
391,colmar,https://colmar.it,NOT,False
392,colorful standard,https://colorfulstandard.com,SUS,True
393,columbia,https://columbiasportswear.nl,NOT,True
394,comazo,https://comazo.de,SUS,True
395,combatant gentlema,https://combatgent.com/,NOT,True
396,comma,https://comma-store.eu,NOT,True
397,common texture,https://commontexture.com/,SUS,True
398,comptoir des coton,https://comptoirdescotonniers.eu,NOT,False
399,converse,https://converse.com,NOT,True
400,coolcat,https://coolcat.nl,NOT,True
401,cop copine,https://cop-copine.com,NOT,True
402,coq en pate,https://coqenpate.com,SUS,True
403,cora kemperman,https://corakemperman.shop,SUS,False
404,cordwainer,http://cordwainers.org,NOT,True
405,corneliani,https://www.corneliani.com,NOT,True
406,cortica,https://cortica.co.uk,NOT,True
407,cos,https://cosstores.com,SUS,True
408,cosense,https://cosense.nl,SUS,True
409,cosrx,https://cosrx.com,NOT,True
410,cossac,https://cossac.co.uk,SUS,True
411,costes,https://costesfashion.com,NOT,True
412,cotonea,http://cotonea.com,SUS,True
413,cotton on,https://cottonon.com,NOT,True
414,country line,http://countryline.ca,SUS,True
415,cowboysbag,https://cowboysbag.com,SUS,True
416,craft,https://craftsportswear.com,SUS,False
417,cream,https://cream-clothing.com,NOT,True
418,creamie,https://creamie.eu,SUS,True
419,created by earth,https://createdbyearth.nl/index.php?route=common/home,SUS,True
420,creative recreation,https://creativerecreation.co.uk,NOT,True
421,cri de coeur,https://cridecoeur.myshopify.com/,SUS,True
422,criminal damage,https://criminaldamage.co.uk,SUS,True
423,crocs,https://crocs.com,NOT,True
424,cross sportswear,https://cross-sportswear.com,SUS,True
425,crumpler,https://crumpler.com,NOT,True
426,cruyff classics,https://cruyffclassics.com,NOT,False
427,cubus,https://cubus.com,NOT,True
428,cuc de poma,https://cucdepoma.com,SUS,False
429,culture,https://shopcultureclothing.com,NOT,True
430,curlsmith,https://uk.curlsmith.com,NOT,True
431,curms,https://curms.com,SUS,False
432,cus,https://cus.cat,SUS,True
433,custommade,https://custommade.dk,NOT,True
434,dachstein,https://dachsteinschuhe.com,NOT,True
435,dadamora,https://dadamora.com,SUS,True
436,dailybread,https://dailybreadpa.com,SUS,True
437,dakine,https://dakine.com,NOT,True
438,damir doma,https://damirdoma.com,SUS,True
439,danefae,https://danefae.dk,SUS,True
440,daniel hechter,https://daniel-hechter.de,NOT,True
441,daniel kroh,http://danielkroh.com,SUS,True
442,dante6,https://dante6.com,NOT,True
443,daquïni,https://daquini.com/,SUS,True
444,dare 2b,https://dare2b.com,NOT,True
445,dare to wear,https://daretowearclothing.co.uk,SUS,True
446,dc shoes,https://dcshoes.com,NOT,True
447,de marchi,https://demarchi.com,NOT,True
448,dedicated,https://dedicatedbrand.com,SUS,True
449,deepmello,https://deepmello.com,SUS,True
450,degree,https://degreeclothing.de,SUS,True
451,deichmann,https://deichmann.com,NOT,True
452,delsey,https://delsey.com,SUS,False
453,denim project,https://thenewdenimproject.com,SUS,False
454,denise roobol,https://deniseroobol.com,SUS,True
455,denkefair,https://denkefair.de,SUS,True
456,dept.,http://artdeptclothing.com,NOT,True
457,derbe,https://derbeshop.de,NOT,True
458,derhy,https://derhy.com,NOT,True
459,des petits hauts,https://despetitshauts.com,NOT,True
460,designers remix,https://designersremix.com,SUS,True
461,desigual,https://desigual.com,NOT,False
462,desires,https://desires.dk,SUS,True
463,deuce,https://deucebrand.com,SUS,True
464,deuter,https://deuter.com,SUS,True
465,devold,https://devold.com,SUS,False
466,diadora,https://diadora.com,NOT,True
467,diamond supply co.,https://diamondsupplyco.com,SUS,True
468,dick moby,https://dick-moby.com,SUS,True
469,dickies,https://dickies.com,NOT,True
470,didi,https://didi.nl,NOT,True
471,didriksons,https://didriksons.com,SUS,True
472,diesel,https://uk.diesel.com,NOT,True
473,dilling,https://uk.dilling.com,SUS,True
474,dillysocks,https://dillysocks.com,SUS,True
475,dim,https://dim.com,NOT,False
476,dior,https://dior.com,NOT,True
477,disana,https://disana.de,SUS,True
478,djinn's,http://djinns.eu,SUS,True
479,dockers,https://dockers.com,NOT,True
480,doers of london,https://doersoflondon.com,SUS,True
481,dolce&gabbana,https://dolcegabbana.com,NOT,True
482,domyos,https://domyos.co.uk,SUS,True
483,doris&dude,https://dorisanddude.com/,SUS,True
484,dorothy perkins,https://dorothyperkins.com,NOT,True
485,dos woman,https://doswoman.com,SUS,False
486,doucal's,https://www.doucals.com,NOT,True
487,doughnut,https://doughnutofficial.co.uk,SUS,True
488,dr dennis gross,https://drdennisgross.com/,NOT,True
489,dr. martens,https://drmartens.com,NOT,True
490,dr. pawpaw,https://drpawpaw.com,NOT,False
491,dreimaster,https://dreimastershop.de,SUS,True
492,dressarte paris,https://dressarteparis.com,SUS,True
493,dressmann,https://dressmann.com,NOT,True
494,dries van noten,https://driesvannoten.be,NOT,True
495,drumohr,https://drumohr.com,NOT,True
496,drykorn,https://drykorn.com,NOT,True
497,dsquared2,https://dsquared2.com,NOT,True
498,dstrezzed,https://dstrezzed.com,SUS,True
499,duckfeet,https://duckfeet.com,SUS,True
500,duke,https://dukeclothing.com,NOT,False
501,dunderdon,https://dunderdon.com,NOT,True
502,dune london,https://dunelondon.com,NOT,True
503,dunlop sport,https://dunlopsports.com,NOT,True
504,dunque,https://dunque.de,SUS,True
505,duvetica,https://duvetica.com,NOT,True
506,dvs,https://dvsshoes.com,NOT,True
507,dw-shop,https://dw-shop.de,NOT,True
508,dweezilsfriend,https://dweezilsfriend.nl,SUS,True
509,dynafit,https://dynafit.com,NOT,True
510,dysfunctional,http://dysfunctionclothing.com/,SUS,True
511,dzaino,https://dzaino.com,SUS,True
512,e9,https://e9planet.com,SUS,True
513,earth creations,https://www.earthcreations.net,SUS,True
514,eastland,https://eastland.com.au,NOT,False
515,eastpak,https://eastpak.com,NOT,True
516,easy peasy,https://easypeasy.fr,SUS,True
517,ecco,https://gb.ecco.com/en-GB,NOT,True
518,echte,https://echte.dk,NOT,True
519,echtlieb,https://echtlieb.de,SUS,False
520,ecko,https://ecko.com,NOT,True
521,eco by sonya,https://ecobysonyadriver.eu,SUS,True
522,ecoalf,https://ecoalf.com,SUS,True
523,ecoology,https://ecoology.es,SUS,True
524,ed hardy,http://edhardyoriginals.com,NOT,True
525,edifice,http://edifice.baycrews.co.jp,NOT,True
526,edited,https://edited.nl,NOT,True
527,editions mr,https://editionsmr.fr,SUS,False
528,edun,https://edun.com,SUS,False
529,edwin,https://edwin-europe.com,NOT,True
530,effio,https://effio.nl,SUS,True
531,egyptian magic,https://egyptianmagic.com,SUS,False
532,eider,https://eider.com,NOT,False
533,eileen fisher,https://eileenfisher.com,NOT,False
534,ein garten,https://eingarten.com,SUS,False
535,ekn,https://eknfootwear.com,SUS,True
536,ekyog,https://ekyog.com,SUS,True
537,el ganso,https://elganso.com,NOT,True
538,el naturalista,https://elnaturalista.com,SUS,True
539,element,https://elementbrand.com,NOT,True
540,elemental herbology,https://elementalherbology.com,SUS,True
541,elements of freedom,https://elementsoffreedom.nl,SUS,True
542,elementy,https://elementywear.com,SUS,True
543,eljada,https://eljadafashion.nl,SUS,False
544,elkline,https://elkline.de,SUS,True
545,ellesse,https://ellesse.com,NOT,False
546,elli,https://ellifashion.co.uk,SUS,True
547,elsien gringhuis,https://elsiengringhuis.com,SUS,True
548,elvine,https://elvine.se,SUS,True
549,emanuel berg,https://emanuelberg.com,NOT,True
550,embassy of bricks and logs,https://www.embassyofbricksandlogs.de,SUS,True
551,emerica,https://emerica.com,NOT,True
552,emu,https://emusportswear.com.au,SUS,True
553,emu australia,https://emuaustralia.com.au,NOT,True
554,endura,https://endurasport.com,NOT,True
555,enfant terrible,https://l-enfantterrible.com,SUS,True
556,engelbert strauss,https://engelbert-strauss.de,NOT,True
557,enna,https://enna.com.br,SUS,True
558,enter,http://fashion-enter.com,SUS,True
559,envii,https://envii.com,NOT,True
560,episode,https://episode.eu,SUS,True
561,eq,https://eq-wear.com,SUS,True
562,erase,https://erasedproject.com,SUS,True
563,eric bompard,https://eric-bompard.com,NOT,False
564,erima,https://erima.eu,NOT,True
565,ernsting's family,https://ernstings-family.de,NOT,True
566,escape the system,https://escapethesystem.nl,SUS,True
567,espadrij l´originale,https://espadrij.com/en,SUS,True
568,esprit,https://esprit.com,NOT,True
569,esquire,https://esquirenyc.com,NOT,True
570,estefan,https://carolinaestefan.com,SUS,True
571,estella bartlett,https://estellabartlett.com,NOT,True
572,eterna,https://eterna.de,SUS,True
573,ethletic,https://ethletic.com,SUS,True
574,etiko,https://etiko.com.au,SUS,True
575,etnies,https://etnies.com,NOT,True
576,eton,https://etonshirts.com,NOT,True
577,etq,https://etq-amsterdam.com,NOT,True
578,evita,http://evita.ie,SUS,False
579,ewing,https://ewingathletics.com,SUS,True
580,express,https://express.com,NOT,True
581,expresso,https://expresso.nl,NOT,True
582,ezekiel,https://ezekielusa.com,SUS,True
583,f.a.m.,https://famapparel.com,SUS,True
584,fabienne chapot,https://fabiennechapot.com,NOT,True
585,fabrap,https://fabrap.co,SUS,True
586,fabrari,https://fabrari.com,SUS,True
587,fabric horse,https://fabrichorse.com/,SUS,True
588,fair,https://fairwear.org,SUS,True
589,fair indigo,https://fairindigo.com,SUS,True
590,fairrebel,https://fairrebel.com,SUS,True
591,fairticken,https://fairticken-shop.de,SUS,True
592,falcon,http://falconsportswear.com,NOT,True
593,falke,https://falke.com,NOT,True
594,fallen,https://fallenfootwear.us,SUS,True
595,farah,https://farah.co.uk,NOT,True
596,farina opoku,https://farinaopoku.com,SUS,False
597,fashion union,http://www.fashionunion.co.uk,NOT,True
598,fat face,https://fatface.com,NOT,False
599,feetje baby,http://feetje-baby.nl,SUS,True
600,feiyue,https://feiyue-shoes.com,SUS,True
601,felina,https://felina.com,SUS,True
602,femi stories,https://femistories.com,NOT,True
603,fendi,https://fendi.com,NOT,True
604,ferdinandnoah,https://ferdinandnoah.com,SUS,False
605,fighetti,https://fighetticlothing.com,SUS,True
606,fila,https://fila.com,NOT,False
607,filosophie,https://ourfilosophie.com,SUS,True
608,filou & friends,https://filoufriends.com,NOT,True
609,filson,https://filson.com,NOT,False
610,fine,https://fineclothing.com,NOT,True
611,finisterre,https://finisterre.com,NOT,True
612,finkid,https://finkid.de,NOT,True
613,fiona paxton,https://fiona-paxton.myshopify.com/,SUS,True
614,fiorelli,https://fiorelli.com,NOT,True
615,fiorucci,http://fiorucci.com,NOT,True
616,firetrap,https://www.firetrap.com,NOT,False
617,first,https://firstclothing.com,NOT,False
618,fisherman out of i,http://fishermanoutofireland.com,SUS,True
619,fitflop,https://fitflop.com,NOT,True
620,fiveunits,https://fiveunits.com,NOT,True
621,fjällräven,https://fjallraven.com,SUS,True
622,flexfit,https://flexfit.com,NOT,True
623,florsheim,https://www.florsheim.com,NOT,True
624,flossy,https://flossyshoes.com,NOT,True
625,folk,https://folkclothing.com,SUS,True
626,for,https://forapparel.com,NOT,True
627,for love & lemons,https://forloveandlemons.com/,NOT,True
628,for your earth,https://foryourearth.fr/?lang=en,SUS,False
629,forever 21,https://www.forever21.com,NOT,True
630,forvert,https://forvert.com,SUS,True
631,fossil,https://fossil.com,NOT,True
632,foundling,https://foundling.com.au,SUS,True
633,fraenck,https://fraenck.com,SUS,True
634,franceschetti,https://franceschetti.it,NOT,True
635,frank wright,https://frankwrightshoes.com,NOT,True
636,fratelli rossetti,https://fratellirossetti.com,NOT,True
637,freaky nation,https://freaky-nation.com,SUS,True
638,fred de la bretoni,https://freddelabretoniere.com,NOT,True
639,fred perry,https://fredperry.com,NOT,True
640,fredsbruder,https://fredsbruder.de,SUS,True
641,free people,https://freepeople.com,NOT,True
642,freebird,https://freebirdicons.com,SUS,True
643,freeman t. porter,https://freemantporter.com,NOT,True
644,freitag,https://freitag.ch,SUS,True
645,french connection,https://frenchconnection.com,NOT,True
646,fresk,http://fresk-world.com,SUS,True
647,freya,https://freyalingerie.com,NOT,True
648,frieda & freddies,https://frieda-freddies.com,NOT,True
649,frisur,https://frisurclothing.com,SUS,True
650,froccella,https://froccella.com,SUS,True
651,frogbox,https://frogbox.eu,SUS,True
652,front row shop,https://frontrowshop.com,SUS,True
653,frugi,https://www.welovefrugi.com,SUS,True
654,fruit of the loom,https://www.fruitoftheloom.co.uk,NOT,False
655,fräulein wunder,https://fraeuleinwunder-hamburg.de/,SUS,True
656,ftc cashmere,https://ftc-cashmere.com/en/home,SUS,True
657,funky buddha,https://funky-buddha.com,SUS,True
658,funkyjunk recycled,http://funkyjunkrecycled.com,SUS,True
659,furla,https://furla.com,NOT,True
660,fussl,http://www.fussl.at,SUS,True
661,g-lab,https://g-lab.com,NOT,True
662,g-star,https://g-star.com,SUS,True
663,g. h. bass & co.,https://ghbass.com,NOT,True
664,g.kero,https://gkero.com,SUS,True
665,gaastra,https://gaastrastore.com,NOT,True
666,gabba,https://gabba-denim.com,NOT,True
667,gabor,https://gaborshoes.co.uk,NOT,True
668,gabs,https://gabs.it,NOT,True
669,gadea,https://gadeashoes.com,NOT,True
670,gaiam,https://gaiam.com,SUS,True
671,gallucci,https://galluccishoes.it,NOT,True
672,gamiss,https://gamiss.com,NOT,False
673,gang,https://gang-clothing.gr,SUS,True
674,ganni,https://ganni.com,NOT,False
675,gant,https://gant.com,NOT,True
676,gap,https://gap.com,NOT,True
677,garcia,https://www.wearegarcia.com,NOT,True
678,gardenia copenhage,https://gardeniacopenhagen.com,NOT,False
679,garment project,https://garmentproject.com,NOT,True
680,gas jeans,https://gasjeans.com,NOT,True
681,gaudi,https://gaudi-clothing.com,SUS,True
682,gear4,https://gear4motorcycles.co.uk,NOT,True
683,geisha,https://geishafashion.eu,NOT,True
684,gelati,https://gelatijeans.co,NOT,True
685,gelukszoekers,https://ikbeneengelukszoeker.nl/,SUS,True
686,george gina & lucy,https://george-gina-lucy.com,SUS,True
687,geox,https://geox.com,NOT,True
688,gerry weber,https://gerryweber.com,NOT,True
689,gestuz,https://gestuz.com,NOT,True
690,gianni kavanagh,https://giannikavanagh.com,SUS,True
691,gianni lupo,https://giannilupo.com,NOT,True
692,giesswein,https://giesswein.com,SUS,True
693,gina cusachs,https://ginacusachs.com,SUS,True
694,gina tricot,https://www.ginatricot.com,NOT,True
695,giorgio 1958,http://giorgio1958.com,NOT,True
696,gipsy,https://gipsyonline.com,NOT,True
697,girav,https://girav.nl,NOT,True
698,giro,https://giro.com,NOT,True
699,givenchy,https://givenchy.com,NOT,False
700,glamorous,https://glamorous.com,NOT,True
701,globe,https://globebrand.com,NOT,True
702,globe hope,http://globehope.com,SUS,True
703,glore,https://glore.de,SUS,True
704,glorious gangsta,https://gloriousgangsta.com,NOT,False
705,gloverall,https://gloverall.com,NOT,True
706,goat organic apparel,https://goatorganicapparel.com,SUS,True
707,gola,https://gola.co.uk,NOT,True
708,golden beards,https://goldenbeards.com,SUS,True
709,golden equation,https://goldenequation.co.uk,NOT,True
710,goldgarn,https://goldgarn.masquare.de/,SUS,True
711,goliath,http://stgoliath.com,NOT,True
712,good guys,https://goodguysclothing.co,SUS,False
713,good krama,https://goodkrama.com,SUS,True
714,good news,https://goodnewsapparel.co,SUS,True
715,good tee co.,https://goodteeco.com,SUS,True
716,goodsociety,https://goodsociety.org,SUS,True
717,goosecraft,https://goosecraft.com,NOT,True
718,gore wear,https://gorewear.com,NOT,True
719,grab your garb,https://grabyourgarb.com,SUS,True
720,grace,https://ilovegraceclothing.com,SUS,True
721,graciela huam,https://gracielahuam.com,SUS,True
722,green shirts,https://green-shirts.com,SUS,True
723,greenality,https://greenality.com,SUS,True
724,greenbomb,https://greenbomb.info,SUS,False
725,greenburry,https://greenburry.de,SUS,True
726,greenland,http://greenlandtoday.com,SUS,True
727,gregory,https://gregory.net.nz,SUS,True
728,grenson,https://grenson.com,NOT,True
729,greystone,http://greystonebigsizes.com,NOT,True
730,grimey,https://grimeywear.com,SUS,True
731,groenendijk,https://groenendijkbedrijfskleding.nl,SUS,True
732,grounded,http://groundedclothing.com,NOT,False
733,grow from nature,https://growfromnature.com,SUS,True
734,gsus,https://g-sus.com,NOT,True
735,gta,https://gtasanandreas.net,NOT,True
736,gucci,https://gucci.com,NOT,False
737,guess,https://guess.eu,NOT,True
738,gugguu,https://gugguu.com,NOT,True
739,guppyfriend,https://guppyfriend.com,SUS,True
740,gustav,https://gustav-denmark.com,SUS,True
741,guts & gusto,https://gutsgusto.com,NOT,True
742,gym king,https://gymkingclothing.com.au,SUS,False
743,h.i.s,https://his.boutique,NOT,True
744,h.i.s jeans,https://his-jeans.de,NOT,True
745,hafendieb,https://hafendieb.de,SUS,True
746,haglöfs,https://haglofs.com/fi/en-fi/,NOT,False
747,haikure,https://haikure.com,SUS,True
748,haix,https://haix.de,SUS,True
749,hallhuber,https://hallhuber.com,NOT,True
750,han kjobenhavn,https://hankjobenhavn.com,SUS,True
751,hanes,https://hanes.com,SUS,True
752,hangowear,https://hangowear.de,SUS,True
753,hanna andersson,https://hannaandersson.com,NOT,True
754,hanro,https://hanro.com,SUS,True
755,hanwag,https://hanwag.com,SUS,True
756,hanz de fuko,https://hanzdefuko.com,NOT,True
757,happy plugs,https://happyplugs.com,SUS,True
758,happy size,https://happy-size.de,SUS,True
759,happy socks,https://happysocks.com,NOT,True
760,hardware,http://www.hardwareldn.com,SUS,True
761,harley davidson,https://harley-davidson.com,NOT,True
762,harold's,https://harolds.com,SUS,False
763,harrington,https://harrington.fr,NOT,True
764,harris wharf london,https://harriswharflondon.co.uk,NOT,True
765,harry,https://harrys.nz,SUS,False
766,hatico,https://hatico.de,NOT,True
767,hatley,https://hatley.com,SUS,True
768,hatsup,https://hatsupshop.com,SUS,False
769,havaianas,https://havaianas-store.com,NOT,False
770,havep,https://havep.com,SUS,True
771,hawke&co,https://hawkeco.com,NOT,True
772,head,https://head.com,NOT,True
773,head over heels,https://headoverheelsonline.com,SUS,True
774,hedgren,https://hedgren.com,NOT,True
775,heimplanet,https://heimplanet.com,SUS,True
776,hej organic,https://hejorganic.com,SUS,True
777,helly hansen,https://hellyhansen.com,NOT,True
778,helmut lang,https://helmutlang.com,NOT,True
779,helvetica mountain pioneers,https://helvetica-mp.com/,NOT,True
780,hema,https://hema.com,NOT,True
781,hempage,https://hempage.com,SUS,True
782,herrlicher,https://herrlicher.com,NOT,True
783,hers wave,https://herswave.com,SUS,True
784,herschel,https://herschel.com,NOT,True
785,hessnatur,https://hessnatur.com,SUS,True
786,hey honey,https://heyhoneyclothing.com,SUS,True
787,hi-tec,https://hi-tec.com,NOT,True
788,hidden beneath underwear,https://hiddenbeneathunderwear.com,SUS,True
789,hide the label,https://hidethelabel.com,SUS,True
790,high peak,http://hipeak.com/,NOT,True
791,hiit,https://myhiitgear.com,NOT,False
792,hikari,https://hikaricollection.com,SUS,False
793,hippytree,https://hippytree.com,SUS,True
794,hirschkind,https://hirschkind.de,SUS,True
795,hobbs,https://www.hobbs.com,NOT,True
796,holdereight,https://holdereight.com,SUS,False
797,hom,https://uk.hom.com,NOT,True
798,homebase,https://homebase.co.uk,SUS,False
799,homeboy,https://www.homeboy.eu,SUS,True
800,hoodlamb,https://hoodlamb.com,SUS,True
801,hope,https://hope-sthlm.com,NOT,True
802,horsefeathers,http://horsefeathers.eu,NOT,True
803,hot&tot,https://hottot.nl,SUS,True
804,hotter,https://hotter.com,NOT,True
805,houdini,https://houdinisportswear.com,SUS,True
806,house 99,https://www.house99.co.uk,NOT,False
807,house of hounds,https://houseofhoundsshoes.com,SUS,True
808,howies,https://howies.co.uk,SUS,True
809,hub,https://hubshop.co.uk,NOT,True
810,hub footwear,https://hubfootwear.com,NOT,True
811,huez,https://huez.co.uk,NOT,True
812,huf,https://hufworldwide.com,NOT,True
813,hugo boss,https://hugoboss.com,NOT,True
814,human nature,https://humannatureshow.com,NOT,True
815,humanoid,https://shophumanoid.com,NOT,True
816,hummel,https://hummel.net,NOT,False
817,hummel hive,https://hummel.net/,NOT,False
818,hunter,https://hunterboots.com,NOT,True
819,hunza,https://hunzag.com,NOT,True
820,hurley,https://hurley.com,NOT,True
821,hush puppies,https://hushpuppies.com,NOT,True
822,huxley,https://huxleyandharper.com,SUS,True
823,hxtn supply,http://hxtnsupply.com,SUS,True
824,hymn,http://www.hymnlondon.com,SUS,False
825,högl,https://hoegl.com/en-us,NOT,True
826,i.am+,https://freshiam.net,NOT,True
827,iammozi,https://iammozi.com,SUS,False
828,iblues,https://gb.iblues.it,NOT,False
829,iceberg,http://iceberg.com,NOT,True
830,icebreaker,https://icebreaker.com,NOT,False
831,icepeak,https://icepeak.fi,NOT,True
832,ichi,https://ichi.biz,NOT,True
833,icon brand,https://iconbrand.com,NOT,True
834,ideal of sweden,https://idealofsweden.eu,NOT,True
835,iglo + indi,https://iglo-indi.myshopify.com/,SUS,True
836,iheart,https://iheartraves.com,NOT,True
837,ikks,https://ikks.com,NOT,False
838,ilse jacobsen,https://ilsejacobsen.com,NOT,False
839,in front,https://infrontwomen.dk,SUS,True
840,incase,https://incase.com,NOT,True
841,ind-berlin,https://ind-berlin.net,SUS,True
842,indah,https://indahclothing.com,NOT,True
843,indigenous,https://indigenous.com,SUS,True
844,indigo people,https://indigopeople.net,SUS,False
845,indikidual,https://indikidual.bigcartel.com/,SUS,True
846,inferno ragazzi,https://infernoragazzi.com,SUS,True
847,inkkas,https://inkkas.com,SUS,True
848,inov-8,https://inov-8.com,NOT,True
849,insane in the rain,https://insaneintherain.com,SUS,True
850,insecta,https://shopinsecta.com,SUS,True
851,instinct,http://instinctclothing.net,SUS,True
852,inti,https://intiknitwear.com,SUS,True
853,inuikii,https://inuikii.com,NOT,True
854,inuovo,https://inuovo.com,SUS,True
855,invito,https://invito.com,NOT,True
856,inwear,https://inwear.com,NOT,True
857,inyati,https://inyati.de,SUS,True
858,ion,https://ion-products.com,SUS,True
859,iphoria,https://iphoria.com,SUS,True
860,iriedaily,https://iriedaily.de,NOT,True
861,iro,https://iroparis.com,NOT,True
862,iron roots,https://ironroots.com,SUS,True
863,isabel marant,https://isabelmarant.com,NOT,False
864,ivko,https://ivko.com,NOT,True
865,ivy & oak,https://ivy-oak.com,SUS,True
866,ivyrevel,https://ivyrevel.com,NOT,False
867,izia,https://iziaclothing.com,NOT,True
868,j.crew,https://jcrew.com,NOT,True
869,j.lindeberg,https://jlindeberg.com,NOT,False
870,jacadi,https://jacadi.us,NOT,False
871,jacamo,https://www.jacamo.co.uk,NOT,True
872,jack & jones,https://jackjones.com,NOT,False
873,jack wills,https://www.jackwills.com,NOT,False
874,jack wolfskin,https://jack-wolfskin.com,SUS,True
875,jackalo,https://hellojackalo.com,SUS,True
876,jacky luxury,https://jackyluxury.com,NOT,True
877,jack´s sportswear,http://jackssportswear.com,NOT,False
878,jaded london,https://jadedldn.com/,SUS,True
879,jako,https://jako.ie,NOT,True
880,james nicholson,https://james-nicholson.de,SUS,True
881,james perse,https://jamesperse.com,NOT,True
882,james read,https://jamesreadtan.com,NOT,True
883,jan 'n june,https://jannjune.com,SUS,True
884,jan vanderstorm,https://janvanderstorm.de,SUS,True
885,jansport,https://jansport.com,NOT,False
886,jbc,https://jbc.be,NOT,False
887,jbl,https://jbl.com,SUS,False
888,jbriels,https://www.jbriels.com,SUS,True
889,jbs,http://www.jbsclothingcompany.com,SUS,True
890,jcsophie,https://jcsophie.nl,SUS,True
891,jdwilliams,https://jdwilliams.co.uk,NOT,True
892,jeep,https://jeep-outfitter.com,NOT,True
893,jeepers peepers,https://jeeperspeepers.co.uk,SUS,True
894,jeffery west,https://jeffery-west.co.uk,NOT,True
895,jeffrey campbell,https://jeffreycampbellshoes.com,NOT,True
896,jigsaw,https://jigsaw-online.com,NOT,True
897,jil sander,https://www.jilsander.com,SUS,True
898,jim rickey,https://jimrickey.com,NOT,True
899,jimmy choo,https://jimmychoo.com,NOT,False
900,jimmy lion,https://jimmylion.com,SUS,True
901,jo ghost,https://www.joghost.com,NOT,True
902,jockey,https://jockey.com,NOT,True
903,joe browns,https://joebrowns.co.uk,NOT,True
904,john richmond,https://johnrichmond.com,NOT,True
905,john w. shoes,https://johnwshoes.de,SUS,False
906,johnny romance,https://johnnyromance.fr,SUS,True
907,johnny urban,https://johnny-urban.com,SUS,True
908,johnnylove,https://johnnylove.com,SUS,True
909,johnstons of elgin,https://johnstonsofelgin.com,SUS,True
910,jollein,https://jollein.com,NOT,True
911,joma,https://joma-sport.com,NOT,True
912,jonak,https://jonak-paris.com,NOT,True
913,joop!,https://joop.com,NOT,True
914,josef seibel,https://josefseibel.co.uk,SUS,True
915,joseph,https://joseph-fashion.com,NOT,False
916,josjes,http://josjescloset.nl,SUS,True
917,jost,https://jost-bags.com,NOT,True
918,jott,https://justoverthetop.com/en/,NOT,True
919,jottum,https://jottum.com,NOT,False
920,juffrouw jansen,https://www.juffrouwjansen.com,SUS,True
921,juicy couture,https://juicycouture.com,NOT,True
922,julia otilia,https://juliaotilia.com,SUS,True
923,junarose,https://junarose.com,NOT,False
924,jungle sol,https://junglesolcollection.com,SUS,True
925,junk de luxe,https://junkdeluxe.com,SUS,False
926,just cavalli,https://justcavalli.com,NOT,True
927,just female,https://justfemale.com,SUS,True
928,just junkies,https://justjunkies.eu,NOT,True
929,justice,https://shopjustice.com,NOT,True
930,juvia,https://www.juvia.com,NOT,True
931,jyoti - fair works,https://jyoti-fairworks.org,SUS,True
932,k-swiss,https://kswiss.com,NOT,True
933,k-way,https://k-way.co.uk,NOT,False
934,k1x,https://shop.k1x.com,NOT,True
935,kaffe,https://kaffe-clothing.com,NOT,True
936,kaikkialla,https://kaikkialla.com,SUS,True
937,kaipara,https://kaipara.de,SUS,True
938,kalenji,https://kalenji.co.uk,NOT,True
939,kaliber fashion,https://kaliberfashion.com,SUS,True
940,kalso earth shoe,https://earthshoes.com/,SUS,True
941,kangaroos,https://kangaroos.com,NOT,True
942,kangol,https://kangol.com,NOT,True
943,kanjers,https://stichtingkanjersvoorkanjers.nl,NOT,True
944,kantala,https://kantalabrands.com,SUS,True
945,kaotiko,https://kaotikobcn.com,NOT,True
946,kappa,https://kappa-usa.com,NOT,True
947,kappahl,https://www.kappahl.com,NOT,True
948,kapten & son,https://kapten-son.com,SUS,True
949,karen millen,https://karenmillen.com,NOT,True
950,kari traa,https://karitraa.com,SUS,False
951,karl kani,https://karlkani.com,NOT,True
952,karl lagerfeld,https://karllagerfeldparis.com,NOT,True
953,karrimor,https://www.karrimor.com,NOT,False
954,kavat,https://kavat.com,SUS,True
955,kavu,https://kavu.com,SUS,True
956,kazmok,https://kazmok.com,SUS,True
957,keela,https://keela.co.uk,NOT,True
958,keen,https://keenfootwear.com,NOT,True
959,keep,https://keepcompany.com,NOT,True
960,kempa,http://kempa-sports.com,NOT,True
961,"kenneth cole
",https://kennethcole.com,SUS,True
962,kenzo,https://kenzo.com,NOT,True
963,kerbholz,https://kerbholz.com,SUS,True
964,key largo,https://keylargo-shop.de,NOT,True
965,khujo,https://khujo.com,NOT,True
966,khula,https://khulawear.com,SUS,True
967,kickers,https://kickers.com,NOT,True
968,kidscase,https://kidscase.com,SUS,False
969,kiezeltje,http://kiezeltje.nl,SUS,True
970,kik,http://kik-textilien.com,NOT,True
971,kik-kid,https://kik-kidwebshop.nl,NOT,True
972,killstar,https://killstar.com,NOT,True
973,killtec,https://killtec.de,SUS,True
974,king louie,https://kinglouie.nl,SUS,True
975,kings of indigo,https://kingsofindigo.com,SUS,True
976,kings will dream,https://kingswilldream.com,NOT,True
977,kipepeo clothing,https://kipepeo-clothing.com,SUS,True
978,kipling,https://kipling.com,NOT,True
979,kismet,https://kismetcollections.com,SUS,True
980,kitaro,https://www.kitaro.fashion,NOT,True
981,kite,https://kite-clothing.co.uk,SUS,True
982,kjelvik,http://kjelvik.nl,NOT,True
983,kjus,https://kjus.com,SUS,True
984,klean kanteen,https://kleankanteen.com,SUS,True
985,kleiderhelden,https://kleiderhelden.com/,SUS,True
986,kling,https://kling.es,SUS,True
987,kmart,https://kmart.com,NOT,True
988,knirps,https://knirps.de,NOT,True
989,knomo,https://knomo.com,SUS,True
990,know the origin,https://knowtheorigin.com,SUS,True
991,kokon zwo,https://kokonzwo.de,SUS,True
992,komodo,https://komodo.online,SUS,False
993,komono,https://komono.com,NOT,True
994,kookai,https://kookai.com.au,NOT,True
995,kowtow,https://kowtowclothing.com,SUS,True
996,kreafunk,https://kreafunk.com,SUS,True
997,krochet kids,https://krochetkids.org,SUS,True
998,kronstadt,https://kronstadt.dk,SUS,True
999,kurt geiger,https://kurtgeiger.com,NOT,True
1000,kuyichi,https://kuyichi.com,SUS,True
1001,kygo,https://www.kygolife.com,NOT,True
1002,l.credi,https://lcredi-munich.de,SUS,True
1003,l.k.bennett,https://lkbennett.com,NOT,True
1004,la ligna,https://laligna.nl,NOT,True
1005,la luna rose,https://lalunarose.com,SUS,True
1006,la martina,https://lamartina.com,NOT,True
1007,la queue du chat,https://laqueueduchat.com,SUS,True
1008,la sportiva,https://lasportiva.com,NOT,True
1009,lab pal zileri,https://labpalzileri.com,NOT,True
1010,labante,https://labante.co.uk,SUS,True
1011,lacoste,https://lacoste.com,NOT,False
1012,lafuma,https://lafuma.com,NOT,False
1013,lala berlin,https://lalaberlin.com,NOT,True
1014,laladoo,https://laladoo.nl,SUS,True
1015,lamborghini,https://lamborghinistore.com,NOT,False
1016,lamour est bleu,https://lamourestbleu.com,SUS,True
1017,lancel,https://lancel.com,NOT,True
1018,lands' end,https://landsend.com,NOT,False
1019,langbrett,https://langbrett.com,SUS,True
1020,langerchen,https://langerchen.com,SUS,True
1021,lanius,https://lanius.com,SUS,True
1022,lanvin,https://lanvin.com,NOT,True
1023,laona,https://laona.de,NOT,True
1024,larsson & jennings,https://larssonjennings.com,SUS,True
1025,lascana,https://lascana.com,NOT,True
1026,laundry industry,https://laundryindustry.com,NOT,True
1027,laura vita,http://lauravita.com,NOT,True
1028,laurel,https://laurel.de,NOT,False
1029,lavandera,http://lavanderabrand.com,SUS,True
1030,le big,https://lebig.com,NOT,True
1031,le coq sportif,https://lecoqsportif.com,NOT,True
1032,le cord,https://lecord.com,NOT,True
1033,le fix,https://le-fix.com,NOT,True
1034,le specs,https://lespecs.com,NOT,True
1035,le tanneur,https://letanneur.com,NOT,True
1036,le temps des cerises,https://letempsdescerises.com,NOT,True
1037,league collective,https://leaguecollective.co.uk,SUS,True
1038,lee,https://uk.lee.com,NOT,True
1039,lee cooper,https://leecooper.com,NOT,True
1040,leela cotton,https://leelacotton.de,SUS,True
1041,legends,https://legends.dk,NOT,True
1042,legero,https://legero.at/en/,NOT,True
1043,lemon jelly,https://lemonjelly.com,NOT,True
1044,lemon spicy,https://lemonspicysocial.com,SUS,False
1045,leonhard heyden,https://leonhard-heyden.com,SUS,True
1046,lerros,https://lerros.nl,NOT,True
1047,les deux,https://lesdeux.com,NOT,True
1048,les girls les boys,https://lesgirlslesboys.com,NOT,True
1049,les racines du ciel,https://les-racines-du-ciel.com,SUS,True
1050,levete room,https://leveteroom.com,SUS,True
1051,lexington,https://lexingtoncompany.com,NOT,True
1052,liebesglück,https://liebesglueck.masquare.de/,SUS,True
1053,liebeskind,https://int.liebeskind-berlin.com,NOT,True
1054,liger,https://thisisliger.com,NOT,True
1055,light boardcorp,https://lightboardcorp.com,SUS,True
1056,lika4kids,https://lika4kids.com,SUS,False
1057,lily and rose,https://lilyandrose.ie,NOT,True
1058,linamour,https://linamour.com,SUS,True
1059,lindbergh,https://lindberghfashion.com,NOT,False
1060,liquiproof,https://liquiproof.co.uk,NOT,True
1061,little green radicals,https://littlegreenradicals.co.uk,SUS,True
1062,little mistress,https://little-mistress.com,NOT,True
1063,liu jo,https://liujo.com,NOT,False
1064,livera,https://livera.nl,NOT,True
1065,liverpool jeans,https://liverpooljeans.com,NOT,True
1066,living crafts,https://livingcrafts.de,SUS,True
1067,loake,https://loake.co.uk,NOT,True
1068,loavies,https://loavies.com,NOT,True
1069,loenatix,https://loenatix.nl,SUS,False
1070,loints of holland,https://lointsofholland.com,SUS,True
1071,lola ramona,https://www.lolaramona.com,SUS,True
1072,long tall sally,https://longtallsally.com,NOT,True
1073,lonsdale,https://www.lonsdale.com,NOT,False
1074,loop.alife,https://loopalife.com,SUS,True
1075,lorna jane,https://lornajane.com.au,NOT,True
1076,lost ink,https://lost-ink.co.uk/,SUS,True
1077,lotika,https://lotika.nl,SUS,True
1078,lotto,https://lotto.it/eng/,NOT,True
1079,lotuscrafts,https://lotuscrafts.eu,SUS,True
1080,lousy livin,https://www.lousylivin.com,NOT,True
1081,love sofie,http://sofiebly.se,SUS,True
1082,love stories,https://lovestoriesintimates.com,NOT,True
1083,lovjoi,https://lovjoi.com,SUS,True
1084,lowa,https://lowaboots.com,NOT,True
1085,lowe alpine,https://lowealpine.com,NOT,True
1086,lucila kenny,http://lucilakenny.com,SUS,True
1087,lucky brand,https://luckybrand.com,NOT,True
1088,luhta,https://luhta.fi,NOT,True
1089,luke 1977,https://luke1977.com,NOT,True
1090,lumene,https://lumene.com,NOT,False
1091,lundhags,https://lundhags.com,NOT,True
1092,luxuar,https://luxuar-shop.com,NOT,True
1093,löffler,https://loeffler.at/en/,NOT,True
1094,löwengrip,https://lowengrip.com/,SUS,True
1095,maas natur,https://maas-natur.de,SUS,True
1096,maathai organic,https://maathaiorganic.com,SUS,True
1097,mac,https://mac-jeans.com/de-de/en-en,NOT,True
1098,macbeth,http://macbeth.com,NOT,True
1099,mackintosh,https://mackintosh.com,NOT,True
1100,madden,https://stevemadden.com,NOT,True
1101,madewell,https://madewell.com,NOT,True
1102,madness,https://madness-uk.myshopify.com,NOT,True
1103,madrista,https://madrista.nl,SUS,False
1104,mads nørgaard,https://madsnorgaard.com,NOT,True
1105,mae & ivy,https://maeandivy.com/,NOT,True
1106,mae sue,https://maesue.com,SUS,False
1107,magadi,https://magadi.de,SUS,True
1108,magicstripes,https://magicstripes.com,SUS,True
1109,magnanni,https://eu.magnanni.com/,NOT,True
1110,mainio,https://mainioclothing.com,SUS,True
1111,maison alfa,https://maisonalfa.com,SUS,False
1112,maium,https://maium.nl,SUS,True
1113,maje,https://uk.maje.com,NOT,True
1114,makia,https://makiaclothing.com,NOT,True
1115,mala collective,https://malacollective.com,SUS,True
1116,malawelt,https://malawelt.de,SUS,True
1117,malimo,https://malimo.co,SUS,True
1118,maloja,https://maloja.de,SUS,True
1119,malvin,https://malvin.de,NOT,True
1120,mamalicious,https://mamalicious.com,NOT,False
1121,mammut,https://mammut.com,NOT,True
1122,man cave,https://mancaveworkwear.com.au,NOT,True
1123,mandala,https://mandala-fashion.com,SUS,True
1124,manduka,https://manduka.com,SUS,True
1125,manfield,https://manfield.com,NOT,True
1126,manhattan portage,https://www.manhattanportage.co.uk,SUS,True
1127,mano,https://manomanoapparel.com,SUS,False
1128,manomama,https://manomama.de,SUS,True
1129,maqu,https://bymaqu.com,SUS,True
1130,maravillas bags,https://maravillas-bags.com,SUS,True
1131,marc cain,https://marc-cain.com,NOT,True
1132,marc jacobs,https://marcjacobs.com,NOT,False
1133,marc o'polo,https://marc-o-polo.com,NOT,False
1134,marco tozzi,https://marcotozzi.com,NOT,True
1135,marie jo,https://mariejo.com,NOT,True
1136,marie sixtine,https://marie-sixtine.com,NOT,True
1137,marika,https://marika.com,SUS,True
1138,marimekko,https://marimekko.com,NOT,True
1139,marjolein elisabeth,https://marjoleinelisabeth.com,SUS,True
1140,marlies dekkers,https://marliesdekkers.com,NOT,True
1141,marmot,https://marmot.com,SUS,True
1142,marni,https://marni.com,NOT,True
1143,marshall,https://www.marshallartist.co.uk,SUS,False
1144,marshall artist,https://marshallartist.co.uk,NOT,True
1145,martin natur,https://martin-natur.es,SUS,True
1146,masai,https://masai.net,NOT,True
1147,maska,https://maska.se,SUS,True
1148,mason's,https://masons.it,NOT,True
1149,master & dynamic,https://masterdynamic.com,NOT,True
1150,matalan,https://matalan.co.uk,NOT,True
1151,matinique,https://matinique.com,NOT,True
1152,matt & nat,https://mattandnat.com/,SUS,True
1153,max&co.,https://gb.maxandco.com,NOT,False
1154,maxomorra,https://maxomorra.com,SUS,True
1155,mayamiko,https://mayamiko.com,SUS,True
1156,maze,https://mazeclothing.co.uk,SUS,True
1157,mazine,https://mazine.de,SUS,True
1158,maitre charle,http://www.maitrecharle.com,NOT,True
1159,mbym,https://mbym-shop.com,NOT,True
1160,mcgregor,https://mcgregornewyork.com,NOT,True
1161,mcm,https://mcmworldwide.com,NOT,True
1162,meindl,https://www.meindl-fashions.de,NOT,True
1163,mela london,https://melalondon.com,NOT,False
1164,men's society,https://menssociety.com,SUS,True
1165,menil,http://menil.eu,SUS,True
1166,mennace,https://www.mennace.com,SUS,True
1167,merc,https://merc.com,NOT,True
1168,mercer amsterdam,https://merceramsterdam.com,NOT,False
1169,merijula,https://merijula.com,SUS,True
1170,merrell,https://merrell.com,NOT,True
1171,mexx,https://mexx.com,NOT,True
1172,mey,https://mey.com,NOT,True
1173,miansai,https://miansai.com,SUS,True
1174,michael kors,https://michaelkors.com,NOT,False
1175,michaelis,https://michaelis.eu,NOT,False
1176,mika,https://mikayogawear.com,SUS,True
1177,miko lolo,https://mikololo.com,SUS,True
1178,millet,https://millet-mountain.com,NOT,False
1179,millican,https://homeofmillican.com,SUS,True
1180,mimi & bart,https://mimiandbart.com/,SUS,True
1181,mimycri,https://mimycri.de,SUS,True
1182,minimum,https://minimumfashion.com,NOT,True
1183,minnetonka,https://minnetonkamoccasin.com,NOT,True
1184,minuit sur terre,http://minuitsurterre.com,SUS,True
1185,mipacha,https://mipacha.com,SUS,True
1186,misericordia,http://misionmisericordia.com,SUS,True
1187,miss candyfloss,http://miss-candyfloss.com,NOT,True
1188,miss etam,https://missetam.nl,NOT,True
1189,miss goodlife,https://miss-goodlife.de/,SUS,True
1190,miss green,https://missgreen.nl,SUS,True
1191,miss sixty,https://misssixty.com,NOT,True
1192,missoni,https://missoni.com,NOT,False
1193,miu miu,https://miumiu.com,NOT,True
1194,mizuno,https://mizuno.com,NOT,True
1195,mjus,https://mjus-shoes.com,NOT,True
1196,mly,https://mly.nl,SUS,True
1197,mmx,https://mmxgermany.com,NOT,True
1198,mo,https://mo-co.com,NOT,False
1199,mobo,https://mobosfashion.com,NOT,True
1200,modström,https://modstrom.com/en,NOT,True
1201,molo,https://molo.com,SUS,True
1202,moma,https://moma.org,NOT,True
1203,momoc,https://momocshoes.com,SUS,True
1204,monkee genes,https://monkeegenes.com,SUS,True
1205,monki,https://monki.com,SUS,True
1206,monnalisa,http://monnalisa.eu,NOT,True
1207,mons royale,https://monsroyale.com,SUS,True
1208,monsieur poulet,http://monsieurpoulet.com,SUS,True
1209,monsoon,https://uk.monsoon.co.uk,NOT,True
1210,mont blanc,https://montblanc.com,NOT,False
1211,monta juniors,https://montajuniors.com,SUS,True
1212,montane,https://montane.co.uk,NOT,True
1213,montura,https://www.monturastore.com,NOT,False
1214,moon boot,https://moonboot.nl/,NOT,False
1215,moran,https://sophiemoran.com,SUS,True
1216,more & more,https://more-and-more.de,NOT,True
1217,moreschi,https://moreschi.it,NOT,True
1218,morethanhip,https://morethanhip.com,SUS,True
1219,morgan de toi,http://morgandetoi.co.uk,NOT,True
1220,morotai,https://morotai.de,NOT,True
1221,morris,https://www.philipmorrisdirect.co.uk,NOT,True
1222,mos mosh,https://mosmosh.com,NOT,True
1223,moschino,https://www.moschino.com,NOT,True
1224,moss copenhagen,https://mosscopenhagen.com,NOT,True
1225,motel,https://motelrocks.com,NOT,True
1226,mother,https://motherdenim.com,NOT,True
1227,mountain equipment,https://mountain-equipment.co.uk,NOT,True
1228,moves,https://movesshop.com,NOT,True
1229,mr bear family,https://mrbearfamily.com,SUS,True
1230,mr. manchette,https://mrmanchette.be,SUS,True
1231,mrp,https://mrp.com,SUS,True
1232,ms mode,https://msmode.nl,NOT,True
1233,ms. bay,https://ms-bay.com,SUS,True
1234,msgm,https://msgm.it,NOT,True
1235,muchachomalo,https://muchachomalo.com,NOT,True
1236,mud jeans,https://mudjeans.eu,SUS,True
1237,mudd & water,https://muddandwater.com/,SUS,True
1238,mufflon,https://mufflon.com,SUS,True
1239,muji,https://muji.eu,NOT,True
1240,muki,https://mukistore.com,NOT,True
1241,mum & co,https://mumand.co/,SUS,True
1242,mustang,http://uk.mustang-shoes.eu,NOT,False
1243,mwm,https://modwavemovement.com/,NOT,True
1244,my magic mud,https://mymagicmud.com,SUS,True
1245,mymarini,https://mymarini.com,SUS,True
1246,mymo,https://mymoshop.de,SUS,True
1247,myomy,https://myomydogoods.com,SUS,True
1248,mywalit,https://mywalit.com,SUS,True
1249,na-kd,https://na-kd.com,SUS,True
1250,nadadelazos,https://nadadelazos.com,SUS,True
1251,nae vegan,https://nae-vegan.com,SUS,True
1252,naf naf,https://nafnaf.com,NOT,True
1253,name it,https://nameit.com,NOT,False
1254,nanga,https://nanga.jp,SUS,True
1255,nanso,https://nansocanada.com,NOT,True
1256,naomi rachel timan,https://naomiracheltiman.com,SUS,True
1257,napapijri,https://napapijri.com,NOT,False
1258,nasty gal,https://nastygal.com,NOT,True
1259,nat-2,https://nat-2.eu/,SUS,True
1260,nathalie vleeschouwer,https://nathalievleeschouwer.be,SUS,True
1261,national geographic,https://shop.nationalgeographic.com,NOT,True
1262,native shoes,https://nativeshoes.com,SUS,True
1263,native souls,https://nativesouls.de,SUS,True
1264,native youth,https://native-youth.com,SUS,False
1265,natura,https://naturaselection.com,NOT,True
1266,naturalmente,https://naturalmente-fashion.de,SUS,True
1267,natureally,http://www.natureally.eu,SUS,True
1268,naturtex,https://naturtex.es,SUS,True
1269,nautica,https://nautica.com,NOT,True
1270,navyboot,https://navyboot.com,NOT,False
1271,nefertiti workshop,https://nefertitiworkshop.com,SUS,True
1272,neil barrett,https://neilbarrett.com,NOT,True
1273,neon moon,https://neonmoon.co,SUS,False
1274,neuw,https://neuwdenim.com,NOT,True
1275,new balance,https://newbalance.com,NOT,True
1276,new era,https://neweracap.com,NOT,True
1277,new look,https://newlook.com,NOT,False
1278,new yorker,https://newyorker.de,NOT,True
1279,newline,https://newlinesport.com,SUS,False
1280,newton,https://newtonapparel.com,SUS,True
1281,next,https://nextdirect.com,NOT,False
1282,nhncd,https://nhncd.nl,SUS,True
1283,nialaya,https://nialaya.com,NOT,True
1284,nicce,https://nicceclothing.com,SUS,True
1285,nice things,https://nicethingspalomas.com,NOT,False
1286,nice to meet me,https://nicetomeetme.at,SUS,True
1287,nidecker,https://nidecker.com,NOT,True
1288,nife,http://www.nife.polfirms.com,NOT,True
1289,night addict,https://nightaddict.com,NOT,True
1290,nightire,https://nightire.com,SUS,True
1291,nightswim,https://nightswimbrand.com,SUS,True
1292,nii,https://niihai.com,SUS,True
1293,nike,https://nike.com,SUS,True
1294,nine to five,https://ninetofive.biz,SUS,True
1295,nine west,https://ninewest.com,NOT,True
1296,nisolo,https://nisolo.com,SUS,True
1297,nitro,https://nitrousa.com,SUS,True
1298,nitrobags,https://nitrobags.com,SUS,True
1299,nixon,https://nixon.com,NOT,True
1300,niyama,https://niyamasol.com,SUS,True
1301,nn07,https://nn07.com,NOT,True
1302,no nasties,https://nonasties.in,SUS,True
1303,no. 1 como,https://no1como.com,NOT,True
1304,noah,https://noahny.com,SUS,True
1305,nobis,https://nobis.com,NOT,True
1306,nobrand,https://nobrand.pt,NOT,True
1307,noclaim,https://noclaimlifestyle.com,NOT,True
1308,noire line,https://noireline.com/,NOT,True
1309,noisy may,https://noisymay.com,NOT,False
1310,nooboo,https://nooboo.co,SUS,True
1311,nordcap,https://nordcap-sport.com,NOT,True
1312,nordgreen,https://nordgreen.com,SUS,True
1313,nordstrom,https://nordstrom.com,NOT,True
1314,nordwarts,https://nordwarts.de,SUS,True
1315,norr,http://norrofficial.com,SUS,True
1316,north 56°4,https://north56-4.com,SUS,True
1317,northskull,https://northskull.com,NOT,True
1318,nosh,https://nosh.fi,NOT,True
1319,noumenon,https://nou-menon.com,SUS,True
1320,nowa,https://nowathelabel.com,SUS,True
1321,nowadays,https://nowadays.com,SUS,True
1322,nudie jeans,https://nudiejeans.com,SUS,True
1323,nukleus,https://nukleusshop.com,SUS,True
1324,nulla nomen,http://www.nullanomen.com,SUS,True
1325,nurmi,https://nurmiclothing.com,SUS,True
1326,nuuwaï,https://nuuwai.de,SUS,True
1327,näz,https://naz.pt/,SUS,True
1328,o my bag,https://omybag.nl,SUS,True
1329,o'neill,https://oneill.com,NOT,True
1330,oakley,https://oakley.com,NOT,False
1331,oakwood,https://oakwood.fr,NOT,True
1332,oas,https://oascompany.com,NOT,True
1333,object,https://objectci.com,NOT,False
1334,odd molly,https://oddmolly.com,NOT,True
1335,odlo,https://odlo.com,NOT,True
1336,office,https://office.co.uk,NOT,True
1337,oger,https://oger.nl,NOT,False
1338,ognx,https://ognx.com,SUS,True
1339,ohmme,https://ohmme.com,SUS,False
1340,oilily,https://oilily.com,NOT,True
1341,ok yo,https://okyo.fashion,NOT,False
1342,okaidi,https://www.okaidi.com,NOT,False
1343,oldskull,https://oldskullstore.com,SUS,True
1344,oliberté,https://oliberte.com,SUS,True
1345,olive,https://oliveclothing.com,NOT,True
1346,oliveda,https://www.oliveda.com,NOT,True
1347,olly,https://ollyltd.com/,SUS,True
1348,olymp,https://olymp.com,NOT,True
1349,on,https://on-running.com,NOT,True
1350,one teaspoon,https://oneteaspoon.com.au,SUS,False
1351,one we like,https://onewelike.com,SUS,True
1352,onepiece,https://onepiece.com,SUS,True
1353,onitsuka tiger,https://onitsukatiger.com,NOT,False
1354,only,https://only.com,NOT,False
1355,onno,https://onno.com,SUS,True
1356,ontour,https://ontour.nl,NOT,True
1357,onzie,https://onzie.com,SUS,True
1358,oodzy,https://oodzy.com,SUS,False
1359,oosc,https://oosc-clothing.com,NOT,True
1360,opposuits,https://opposuits.com,NOT,True
1361,orchestra,https://shop-orchestra.com,NOT,True
1362,orelia,https://orelia.co.uk,SUS,True
1363,organic basics,https://organicbasics.com,SUS,True
1364,organic cotton colours,https://organiccottoncolours.shop,SUS,True
1365,organic tagua jewelry,https://organictaguajewelry.com,SUS,True
1366,organication,https://organication.de,SUS,True
1367,origem,https://origem.pt,SUS,True
1368,original penguin,https://originalpenguin.com,NOT,True
1369,orsay,https://orsay.com,NOT,False
1370,osier,https://osier.studio,SUS,True
1371,osiris,https://osirisshoes.com,NOT,True
1372,oska,https://oska.com,SUS,True
1373,osprey,https://www.ospreylondon.com,NOT,True
1374,ouai,https://theouai.com,NOT,True
1375,oui,https://www.oui.com,SUS,True
1376,our legacy,https://ourlegacy.se,NOT,True
1377,outcome,https://outcomeclothing.com,SUS,False
1378,outdoor research,https://outdoorresearch.com,NOT,True
1379,outerknown,https://outerknown.com,NOT,True
1380,ovs,https://ovsfashion.com,NOT,True
1381,oxbow,https://oxbowshop.com,NOT,True
1382,oysho,https://oysho.com,NOT,True
1383,p d paola,https://pdpaola.com,NOT,True
1384,packmack,https://packmack.org,SUS,False
1385,pact,https://wearpact.com,SUS,True
1386,paddock's,https://paddocks-jeans.de,SUS,True
1387,pajar,https://pajar.com,NOT,True
1388,palladium,https://palladiumboots.com,NOT,True
1389,palmers,https://palmers.gr,SUS,False
1390,panama jack,https://panamajack.com,NOT,True
1391,panda,https://pandaclothing.co.za,SUS,True
1392,pants to poverty,https://pants2poverty.wordpress.com/about/,SUS,True
1393,papajarocks,https://papajarocks.com,SUS,True
1394,paprika,https://paprika-shopping.nl,NOT,False
1395,papu stories,https://papustories.com,SUS,True
1396,para mi,https://para-mi.com,SUS,True
1397,park authority,http://park-authority.com/,SUS,True
1398,part two,https://parttwo.com,NOT,True
1399,passionata,https://passionata.com,NOT,False
1400,patagonia,https://patagonia.com,SUS,True
1401,patrizia pepe,https://patriziapepe.com,NOT,False
1402,paul green,https://www.paulgreen-shop.de,SUS,True
1403,paul smith,https://www.paulsmith.com,SUS,True
1404,pavement,https://pavementbrands.com,NOT,True
1405,peak performance,https://peakperformance.com,NOT,True
1406,pearl izumi,https://pearlizumi.com,NOT,True
1407,pegador,https://pegadorfashion.com,NOT,True
1408,penfield,https://penfield.com,NOT,True
1409,penn,https://pennlifestyle.com,SUS,False
1410,people tree,https://peopletree.co.uk,SUS,True
1411,people wear organic,https://peoplewearorganic.de,SUS,True
1412,pep,https://www.pepandco.com,SUS,False
1413,pepavana,https://pepavana.com,SUS,True
1414,pepe jeans,https://pepejeans.com,NOT,True
1415,percy nobleman,https://percynobleman.com,SUS,True
1416,pestle & mortar,https://pestlemortarclothing.com,SUS,True
1417,peter england,https://peterengland.com,NOT,True
1418,peter hahn,https://peterhahn.co.uk,NOT,True
1419,peter kaiser,https://peterkaiser.co.uk,NOT,True
1420,peter thomas roth,https://peterthomasroth.com,NOT,True
1421,petit bateau,https://petit-bateau.co.uk,NOT,False
1422,petrol industries,https://petrolindustries.com,NOT,True
1423,peuterey,https://peuterey.com,SUS,True
1424,phil + lui,https://phil-and-lui.de/,SUS,True
1425,phyne,https://phyne.com,SUS,True
1426,piazza italia,https://piazzaitalia.it,NOT,True
1427,picard,https://picard-lederwaren.de,NOT,True
1428,piccalilly,https://piccalilly.co.uk,SUS,True
1429,picopoc,https://picopoc.com,SUS,True
1430,pieces,https://pieces.com,NOT,False
1431,pierre cardin,https://pierrecardin.com,NOT,True
1432,pigeon organics,https://pigeonorganics.com,SUS,True
1433,pike brothers,https://pikebrothers.com,SUS,True
1434,pikolinos,https://pikolinos.com,NOT,True
1435,pilgrim,https://pilgrimclothing.com.au,NOT,True
1436,pill,https://pillapparel.com/,SUS,True
1437,pina studio,https://pina.studio,SUS,True
1438,pinned by k,https://pinnedbyk.com,SUS,True
1439,pinqponq,https://pinqponq.com,SUS,True
1440,pioneer ,https://pioneerclothingco.com/,NOT,False
1441,piquadro,https://piquadro.com,NOT,True
1442,piwari,https://piwari.com,SUS,True
1443,pixie,https://pixiemarket.com,SUS,True
1444,plae,https://plae.co,SUS,True
1445,please,https://pleasefashion.com,NOT,True
1446,plein sport,https://pleinsport.com,NOT,False
1447,plevier,https://plevierbusinessbags.com,SUS,True
1448,plotz,http://plotz.co,SUS,False
1449,po-zu,https://po-zu.com,SUS,True
1450,poc,https://pocsports.com,NOT,True
1451,polarn o. pyret,https://polarnopyret.co.uk,NOT,True
1452,polaroid originals,https://polaroidoriginals.com,NOT,True
1453,poler,https://polerstuff.com,NOT,True
1454,police,https://883police.com,NOT,True
1455,polo ralph lauren,https://ralphlauren.com/,NOT,True
1456,pony,https://pony.com,NOT,True
1457,pop copenhagen,http://popcopenhagen.com,NOT,True
1458,popolini,https://popolini.com,SUS,True
1459,popupshop,http://popupshop.com,SUS,True
1460,porsche design,https://porsche-design.com,SUS,True
1461,prada,https://prada.com,NOT,True
1462,prana,https://prana.com,SUS,True
1463,pretty ballerinas,https://prettyballerinas.com,NOT,True
1464,pretty green,https://prettygreen.com,NOT,True
1465,prima moda,http://primamodausa.com,SUS,True
1466,primadonna,https://primadonna.com.gr,NOT,False
1467,princesse tam tam,https://princessetamtam.com,NOT,True
1468,pro-keds,https://prokeds.com,NOT,True
1469,profuomo,https://profuomo.com,NOT,True
1470,project cece,https://projectcece.nl,SUS,True
1471,project x paris,https://projectxparis.com,NOT,True
1472,promiss,https://promiss.nl,NOT,True
1473,promod,https://promod.eu,NOT,False
1474,proof eyewear,https://iwantproof.com/,SUS,True
1475,protest,https://protest.eu,NOT,True
1476,public,https://publicrec.com,SUS,True
1477,pukas,https://pukassurf.com,NOT,True
1478,pull&bear,https://pullandbear.com/gb/,NOT,True
1479,puma,https://eu.puma.com,SUS,True
1480,punto pigro,http://puntopigro.it,SUS,True
1481,purdey,https://purdey.com,NOT,True
1482,pure sportswear,https://puresportswear.nl,SUS,True
1483,pyrenex,https://pyrenex.com,NOT,True
1484,pyua,https://pyua.eu,SUS,False
1485,qnoop,https://qnoop.com,SUS,True
1486,quay australia,https://quayaustralia.com,NOT,True
1487,quazi design,https://quazidesign.com,SUS,True
1488,quechua,https://quechua.co.uk,NOT,False
1489,quetzal artisan,https://quetzalartisan.com,SUS,True
1490,quiksilver,https://quiksilver.com,NOT,True
1491,r-collection,https://r-collection.com,NOT,True
1492,r. m. williams,https://rmwilliams.com.au,NOT,True
1493,rab,https://rab.equipment,NOT,True
1494,rag & bone,https://rag-bone.com,NOT,True
1495,ragdoll la,https://ragdoll-la.com,NOT,True
1496,ragwear,https://ragwear.com,NOT,True
1497,rains,https://rains.com,SUS,True
1498,rakha,https://rakha.co.uk,SUS,True
1499,ralph lauren,https://ralphlauren.co.uk,NOT,True
1500,rapha,https://rapha.cc,SUS,True
1501,raspberry republic,http://raspberryrepublic.pl,SUS,True
1502,rawrow,http://rawrow.com,NOT,True
1503,ray musgo,https://raymusgo.com,SUS,True
1504,ray-ban,https://ray-ban.com,NOT,True
1505,re.draft,http://www.redraft-clothing.com,NOT,True
1506,rebel heritage,https://rebel-heritage.com,NOT,False
1507,recipe for men,http://recipeformen.com,SUS,True
1508,recolution,https://recolution.de,SUS,True
1509,red fox,https://redfoxoutdoor.com,NOT,True
1510,redefined rebel,https://redefinedrebel.com,SUS,True
1511,redskins,https://redskins.fr,SUS,True
1512,reebok,https://reebok.com,NOT,False
1513,reef,https://reef.com,NOT,True
1514,reell,https://reelljeans.com,NOT,True
1515,reformation,https://thereformation.com,NOT,True
1516,refresh,https://refreshclothing.ca,SUS,True
1517,regatta,https://regatta.com,NOT,True
1518,rehab footwear,https://rehabfootwear.com,NOT,True
1519,reima,https://reima.com,NOT,True
1520,reiss,https://reiss.com,NOT,True
1521,religion,https://religionclothing.com,NOT,True
1522,repeat,https://repeatcashmere.com,NOT,True
1523,replay,https://replayjeans.com,NOT,False
1524,resonature,https://resonaturebrand.com/,SUS,False
1525,resteröds,https://resterods.com/en,NOT,True
1526,retour,https://retourjeans.com,NOT,True
1527,retrostiel,https://www.retrostiel.de,SUS,True
1528,retrosuperfuture,https://retrosuperfuture.com,SUS,True
1529,reusch,https://www.reusch.com,SUS,True
1530,review,https://review-australia.com,NOT,False
1531,rewrap,http://rewrap.eu,SUS,True
1532,rhumaa,https://rhumaa.com,SUS,True
1533,rianne de witte,https://riannedewitte.com,SUS,True
1534,rice,https://thericeco.com/en_en/,SUS,True
1535,richter,http://richtergoods.com,NOT,True
1536,rieker,https://rieker.co.uk,NOT,True
1537,rinascimento,https://rinascimento.com,NOT,True
1538,rino & pelle,https://rino-pelle.com,NOT,True
1539,rip curl,https://ripcurl.com,NOT,True
1540,risa,https://therisacollection.com,SUS,True
1541,rita row,https://ritarow.com,SUS,True
1542,rittrshaus,https://rittrshaus.com,SUS,False
1543,river island,https://www.riverisland.com,NOT,True
1544,riverwoods,https://riverwoods.net,NOT,False
1545,rivieras,https://rivieras.com,NOT,True
1546,roberto cavalli,https://robertocavalli.com,NOT,True
1547,roberto collina,https://robertocollina.com,NOT,True
1548,rock star baby,https://rockstarbaby.com,NOT,True
1549,rockamora,http://rockamora.de,SUS,True
1550,rodial,https://rodial.co.uk,NOT,False
1551,rohde,http://christinarohde.dk,SUS,True
1552,rokà,https://www.roka.com,SUS,True
1553,rombaut,https://rombaut.myshopify.com,SUS,True
1554,ron dorff,https://rondorff.com,NOT,True
1555,roosevelt,https://rooseveltandco.com,SUS,True
1556,roots,https://roots.com,SUS,False
1557,rosemunde,https://rosemunde.com,NOT,True
1558,rosenstaub,https://rosenstaub.com,NOT,True
1559,rosental organics,https://rosental.de/,SUS,True
1560,roxy,https://roxy.com,NOT,True
1561,royal bamboo,https://royalbamboo.com,SUS,True
1562,royal blush,https://royalblushapparel.com,SUS,True
1563,royal robbins,https://royalrobbins.com,NOT,True
1564,rubymoon,https://rubymoon.org.uk,SUS,False
1565,rue de femme,https://ruedefemme.com,SUS,True
1566,rukka,http://rukka.com,NOT,True
1567,rumble,https://rumbleapparel.com,SUS,False
1568,russell athletic,https://russellathletic.com,NOT,True
1569,rusty,https://rusty.com,NOT,True
1570,rvca,https://rvca.com,NOT,True
1571,rvlt,https://rvlt.com,SUS,True
1572,s.oliver,https://soliver.eu,NOT,True
1573,sabahar,https://sabahar.com,SUS,True
1574,sabo skirt,https://saboskirt.com,NOT,True
1575,sacha,https://sachadrake.com,NOT,True
1576,sail racing,https://sailracing.com,NOT,True
1577,sailmate,https://sailmate.eu,SUS,True
1578,saint basics,https://saintbasics.com,SUS,True
1579,saint tropez,https://sainttropez.com,NOT,True
1580,salamander,https://blacksalamander.com,SUS,True
1581,salewa,https://salewa.com,SUS,True
1582,salming,http://salming.com,NOT,True
1583,salomon,https://salomon.com,NOT,True
1584,salzen,https://salzen.com,SUS,True
1585,samsonite red,http://samsonitered.com,NOT,True
1586,sandmade,https://sandmade-desertdesign.de,SUS,True
1587,sandqvist,https://sandqvist.com,SUS,True
1588,sandro,https://us.sandro-paris.com,NOT,True
1589,sandwich,https://sandwichfashion.nl,NOT,True
1590,sanetta,https://sanetta-group.com,NOT,True
1591,sanuk,https://sanuk.com,NOT,True
1592,sapph,https://sapph.com,NOT,True
1593,sarah pacini,https://sarahpacini.com,NOT,True
1594,sasta,https://sasta.fi,NOT,True
1595,saucony,https://saucony.com,NOT,True
1596,savotta,https://finn-savotta.fi,SUS,False
1597,scapa,https://scapaworld.com,NOT,True
1598,scapino,https://scapino.nl,NOT,True
1599,scarpa,https://scarpa.com,NOT,False
1600,schiesser,https://schiesser.com,NOT,True
1601,schmuddelwedda,https://schmuddelwedda.de,NOT,True
1602,schott,https://www.schottnyc.com,NOT,True
1603,scoredraw,https://scoredraw.com,NOT,True
1604,scot,https://scottsmenswear.com,SUS,False
1605,scotch & soda,https://scotch-soda.com,NOT,True
1606,sea to summit,https://seatosummit.com,SUS,True
1607,seafolly,https://seafolly.com,NOT,True
1608,seasalt cornwall,https://seasaltcornwall.co.uk,SUS,True
1609,sebago,https://sebago-usa.com,NOT,True
1610,second female,https://secondfemale.com,NOT,True
1611,seeyou,http://www.iseeyoucollection.co.uk,NOT,False
1612,seidensticker,https://seidensticker.com,NOT,True
1613,selected,https://selected.com,NOT,False
1614,senmotic,https://senmotic-shoes.com,SUS,True
1615,serge denimes,https://sergedenimes.com,NOT,True
1616,serge pariente,https://sergepariente.com,NOT,True
1617,sergio tacchini,https://sergiotacchini.com,NOT,False
1618,sessun,https://sessun.com,NOT,True
1619,sexysocks,https://sexysockssa.com,SUS,True
1620,shabbies amsterdam,https://shabbiesamsterdam.com,NOT,True
1621,shan rahimkhan,https://shanrahimkhan.com,NOT,True
1622,shaveworks,https://getshaveworks.com/,NOT,True
1623,shepherd,https://shepherdsfashions.com,NOT,True
1624,shimano,https://bike.shimano.com,NOT,True
1625,shine original,https://shineoriginal.com,NOT,False
1626,shirt by hand,https://shirtbyhand.nl,SUS,True
1627,shisha,https://shishabrand.com,SUS,True
1628,shoe the bear,https://shoethebear.us,NOT,True
1629,shoemates,https://shoemates.de,SUS,True
1630,shoepassion,https://shoepassion.com,NOT,True
1631,shoesme,https://shoesme.nl,SUS,True
1632,sidai designs,http://sidaidesigns.com,SUS,True
1633,siksilk,https://siksilk.com,SUS,True
1634,silfir,https://silfir.com,SUS,False
1635,silvio tossi,https://www.silviotossi.com,NOT,True
1636,simclan,https://simclan.de,SUS,True
1637,sinners attire,https://sinnersattire.com,NOT,True
1638,sinweaver,https://sinweaver.com,SUS,True
1639,sisley,https://gb.sisley.com,NOT,True
1640,sissel edelbo,https://sissel-edelbo.dk,SUS,True
1641,sissy-boy,https://sissy-boy.com,NOT,True
1642,sisters point,https://sisterspoint.com,NOT,True
1643,sixth june,https://sixthjune.com,NOT,True
1644,sixtyninety,https://sixtyninety.co.uk,SUS,False
1645,sixtyseven,https://sixtyseven.es,NOT,False
1646,siyana london,http://siyanalondon.com,SUS,True
1647,skagen,https://www.skagen.com,NOT,True
1648,skandinavisk,https://skandinavisk.com,SUS,True
1649,skechers,https://skechers.com,NOT,True
1650,skiny,https://skiny.com,SUS,True
1651,skot,https://skotfashion.com,SUS,True
1652,skullcandy,https://skullcandy.eu,NOT,False
1653,slazenger,https://store.slazenger.com,NOT,False
1654,slippely,https://slippely.nl,SUS,True
1655,sloggi,https://sloggi.com,NOT,False
1656,slugs and snails,http://slugsandsnails.ie,SUS,True
1657,slydes,https://slydes.com,NOT,False
1658,smafolk,https://smafolk.dk,SUS,True
1659,smilodox,https://smilodox.com,NOT,True
1660,smith optics,https://smithoptics.com,SUS,True
1661,sneaky steve,https://sneakysteve.com,NOT,False
1662,snipe,https://snipes.nl,SUS,True
1663,so cosi,https://socosi.de,SUS,True
1664,soaked in luxury,https://soakedinluxury.com,NOT,True
1665,society,https://societysport.co.uk,SUS,True
1666,sofie schnoor,http://sofieschnoorwebshop.com,SUS,True
1667,soft gallery,https://softgallery.dk,SUS,True
1668,sogoodtowear,https://sogoodtowear.com,SUS,True
1669,sole rebels,https://solerebels.com,SUS,True
1670,solitude the label,https://solitudethelabel.nl,SUS,False
1671,soma,https://soma.com,NOT,False
1672,someone,https://someone-kids.be,SUS,False
1673,somewhere,https://somewherenowhere.net,SUS,True
1674,sooth munich,https://soothmunich.de,SUS,False
1675,sorel,https://sorel.com,NOT,True
1676,soulbottles,https://soulbottles.de,SUS,True
1677,soulland,https://soulland.com,NOT,True
1678,soulstar,https://soulstarclothing.com,NOT,True
1679,sourpuss,https://sourpussclothing.com,NOT,True
1680,soxs,https://soxs.co/en,SUS,True
1681,soyaconcept,https://soyaconcept.com,NOT,True
1682,spanx,https://spanx.com,NOT,True
1683,sparkz,https://sparkz-copenhagen.com,NOT,False
1684,speedo,https://speedo.com,NOT,False
1685,sperry,https://www.sperry.com,NOT,True
1686,spikes & sparrow,https://spikesandsparrow.com/,SUS,True
1687,spiral,https://spiraldirect.com,NOT,True
1688,spm,http://www.spmshoesandboots.com,NOT,True
1689,sprekenhus,https://sprekenhus.com/en/,SUS,True
1690,springfield,https://myspringfield.com,SUS,True
1691,spykar,https://spykar.com,NOT,True
1692,sseko,https://ssekodesigns.com,SUS,True
1693,stance,https://stance.com,NOT,True
1694,stanley & stella,https://stanleystella.com,SUS,False
1695,starter,https://starter.com,NOT,True
1696,state of elevenate,https://elevenate.com/,NOT,True
1697,stella mccartney,https://stellamccartney.com,SUS,True
1698,steps,https://steps.nl,NOT,False
1699,steve madden,https://stevemadden.com,NOT,True
1700,stighlorgan,https://stighlorgan.com,SUS,True
1701,still nordic,https://stillnordic.com,SUS,True
1702,stockerpoint,https://stockerpoint.de,SUS,True
1703,stone island,https://stoneisland.com,NOT,False
1704,stop the water while using me!,https://stop-the-water-while-using-me.com/en/,SUS,True
1705,storm & marie,https://stormandmarie.com/,SUS,False
1706,stratic,https://stratic.de,NOT,True
1707,strellson,https://strellson.com,NOT,True
1708,strick amsterdam,http://strickamsterdam.nl,SUS,False
1709,studio jux,https://studiojux.com,SUS,True
1710,studio myr,http://studiomyr.com,SUS,True
1711,studiorundholz,http://studiorundholz.com,SUS,True
1712,stussy,https://stussy.com,SUS,True
1713,sublevel,https://sublevel.de,SUS,False
1714,suit,https://suit.dk,NOT,False
1715,suitsuit,https://suitsuit.com,NOT,True
1716,summum,https://summumwoman.com,NOT,True
1717,sunad,https://sunad.es,SUS,True
1718,sunheroes,http://sunheroes.nl/,SUS,False
1719,superfit,https://superfitapparel.com,SUS,True
1720,superga,https://superga.co.uk,NOT,True
1721,supermegaflex,https://supermegaflex.com,SUS,True
1722,superstainable,https://superstainable.com,SUS,True
1723,supra,https://suprafootwear.com,NOT,True
1724,supré,https://supre.com.au,NOT,True
1725,suri frey,https://surifrey.com,NOT,True
1726,swatch,https://swatch.com,NOT,False
1727,sweaty betty,https://sweatybetty.com,NOT,True
1728,swedish stockings,https://swedishstockings.com,SUS,True
1729,sweet deluxe,https://sweet-deluxe.de,NOT,True
1730,sweet sktbs,http://sweetsktbs.com,SUS,True
1731,sweetlegs,https://sweetlegs.com,NOT,True
1732,swegmark,https://swegmark.com,SUS,True
1733,swims,https://swims.com,NOT,True
1734,swing,https://swingfashion.pl,NOT,True
1735,swiss military,http://swissmilitary.ch,SUS,True
1736,sylvia calvo,https://sylviacalvobcn.com,SUS,True
1737,syou,https://syou.com,SUS,True
1738,t.m.lewin,https://tmlewin.com,NOT,True
1739,t.u.k.,https://tukshoes.com,NOT,True
1740,taiga,https://taigaworks.ca,SUS,True
1741,tailor store,https://tailorstore.com,SUS,True
1742,take-two,http://taketwoclo.com,NOT,True
1743,takko,https://takko.com,NOT,True
1744,tally weijl,https://tally-weijl.com,NOT,True
1745,talula,https://talulah.com.au,NOT,True
1746,tamaris,https://tamaris.com,NOT,True
1747,tante betsy,https://tantebetsy.com,NOT,True
1748,tao & friends,https://taoandfriends.com/,SUS,True
1749,tateossian,https://tateossian.com,SUS,True
1750,tatonka,https://tatonka.com,SUS,True
1751,tawast,https://tawastclothing.com,SUS,True
1752,ted baker,https://tedbaker.com,SUS,True
1753,teddy smith,https://teddy-smith.com,SUS,False
1754,teiruma,http://teiruma.com,SUS,True
1755,tenaya,https://tenaya.net,NOT,True
1756,tenson,https://tenson.com,NOT,True
1757,ternua,https://ternua.com,NOT,True
1758,terre bleue,https://terrebleue.com,NOT,True
1759,terstal,https://terstal.nl,NOT,True
1760,teva,https://teva.com,NOT,True
1761,teym,https://teym.eu,SUS,True
1762,tezenis,https://tezenis.com,NOT,False
1763,tfnc,https://tfnclondon.com,NOT,True
1764,the bonnie mob,https://thebonniemob.com,SUS,True
1765,the bridge,https://thebridge.it,SUS,True
1766,the driftwood tales,https://thedriftwoodtales.com,SUS,True
1767,the editor,http://theeditor.it,NOT,True
1768,the glitter tribe,https://theglittertribe.com.au,SUS,True
1769,the kooples,https://thekooples.com,NOT,False
1770,the library of fragrance,https://thelibraryoffragrance.eu,NOT,True
1771,the nordic leaves,https://thenordicleaves.com,SUS,True
1772,the north face,https://thenorthface.com,NOT,True
1773,the nude label,https://thenudelabel.com,SUS,True
1774,the organic compan,https://theorganiccompany.dk,SUS,True
1775,the ragged priest,https://theraggedpriest.com,NOT,True
1776,the rice co.,https://thericeco.com,SUS,True
1777,the souks,https://thesouks.nl,SUS,True
1778,theory,https://theory.com,NOT,True
1779,think!,http://collection.thinkshoes.com/en/home,SUS,True
1780,think! shoes,http://thinkshoes.com,NOT,True
1781,thinking mu,http://thinkingmu.com,SUS,False
1782,thinx,https://shethinx.com,SUS,True
1783,thomas clipper,https://thomasclipper.com,SUS,True
1784,thomas sabo,https://thomassabo.com,NOT,True
1785,thule,https://thule.com,NOT,True
1786,tiffosi,https://tiffosi.com,NOT,True
1787,tiger of sweden,https://tigerofsweden.com,NOT,True
1788,tigha,https://tigha.com,SUS,True
1789,tigi,https://tigiwear.com,NOT,False
1790,timberland,https://timberland.com,NOT,True
1791,timeboo,https://timeboo.eu,SUS,True
1792,timex,https://timex.com,NOT,True
1793,tiralahilacha,https://tiralahilacha.com,SUS,True
1794,titan,https://titan.clothing,SUS,True
1795,tma,https://tmawear.com,SUS,False
1796,tmt,https://themoneyteam.com/,NOT,False
1797,tojtoj,https://tojtoj.nl,SUS,False
1798,tom ford,https://tomford.com,NOT,True
1799,tom tailor,https://tom-tailor.eu,NOT,True
1800,tommy hilfiger,https://uk.tommy.com/,NOT,True
1801,toms,https://toms.com,SUS,True
1802,toni & guy,https://shoptoniguy.com,NOT,True
1803,toni sailer,https://tonisailer.com,NOT,True
1804,tonsure,https://tonsure.eu,SUS,True
1805,topman,https://topman.com,NOT,False
1806,topshop,https://topshop.com,NOT,False
1807,torrid,https://torrid.com,NOT,True
1808,torstai,https://torstai.com,NOT,True
1809,tory burch,https://www.toryburch.co.uk,NOT,True
1810,tramontana,http://tramontana.eu,NOT,True
1811,trangoworld,https://trangoworld.com,NOT,True
1812,tranquillo,https://tranquillo-shop.de,SUS,True
1813,trashki,https://trashki.pl,SUS,True
1814,travelite,https://travelite.org,SUS,False
1815,triangle,https://trianglestore.co.uk,NOT,True
1816,trigema,https://trigema.de,SUS,True
1817,triple2,http://triple2.co.uk,SUS,True
1818,trippen,https://trippen.com,SUS,True
1819,triumph,https://triumphmotorcycles.co.uk,NOT,True
1820,troo,https://troo.ch,SUS,True
1821,true decadence,https://truedecadence.com,NOT,True
1822,true religion,https://truereligion.com,NOT,True
1823,trueprodigy,https://trueprodigy.de,NOT,True
1824,tulsi crafts,https://tulsicrafts.nl,SUS,True
1825,tumble 'n dry,https://tumblendry.com,NOT,True
1826,turtle bags,https://turtlebags.co.uk,SUS,True
1827,tweezerman,https://tweezerman.com,NOT,True
1828,twisted tailor,https://twistedtailor.com,NOT,True
1829,twothirds,https://twothirds.com,SUS,True
1830,u.s. polo assn.,https://uspoloassn.com,NOT,True
1831,ubuntu-wear,https://ubuntu-wear.com,SUS,False
1832,ucon acrobatics,https://ucon-acrobatics.com,SUS,True
1833,ugg,https://ugg.com,NOT,True
1834,uhlsport,https://uhlsport.com,NOT,True
1835,uli schott,https://ulischott.de,SUS,True
1836,ulla popken,https://ullapopken.com,NOT,True
1837,ulsto,https://ulsto.de,SUS,True
1838,ultimate direction,https://ultimatedirection.com,NOT,True
1839,ultra tee,https://ultra-tee.com/,SUS,True
1840,umbro,https://umbro.com,NOT,True
1841,umiwi,https://umiwi.info,SUS,True
1842,under armour,https://underarmour.nl,NOT,True
1843,under the same sun,https://www.underthesamesun.se,SUS,True
1844,underprotection,https://underprotection.dk,SUS,True
1845,unica,http://unicamelrose.com,NOT,True
1846,uniforms for the dedicated,https://uniformsforthededicated.com,NOT,True
1847,uniqlo,https://uniqlo.com,SUS,False
1848,unique,https://www.unique1989.com,NOT,True
1849,united by blue,https://unitedbyblue.com,SUS,True
1850,united colors of benetton,https://nl.benetton.com/,NOT,True
1851,unrecorded,https://unrecorded.co,SUS,True
1852,uprise,http://upriseskateboards.com,SUS,True
1853,urban apothecary,https://urbanapothecarylondon.com,NOT,True
1854,urban classics,https://urban-classics.net,SUS,True
1855,urban goddess,https://urban-goddess.com,SUS,True
1856,urbanears,https://urbanears.com,NOT,True
1857,usha,http://usha.de,NOT,True
1858,uvex,https://uvex-safety.com,SUS,True
1859,uyn,https://uynsports.com,NOT,True
1860,vabeene,https://www.vabeeneshoes.com,SUS,True
1861,vagabond,https://vagabondapparel.com,NOT,True
1862,valentino,https://valentino.com,NOT,False
1863,van bommel,https://int.florisvanbommel.com,NOT,True
1864,van gils,https://vangils.eu,NOT,False
1865,van haren,https://www.vanharen.nl,NOT,True
1866,van hulley,https://vanhulley.com,SUS,True
1867,van lier,https://www.vanlier.nl,NOT,True
1868,vanilia,https://vanilia.com,NOT,True
1869,vans,https://vans.com,NOT,True
1870,vanzetti,https://vanzetti.fashion,SUS,True
1871,vatter,https://vatter-fashion.com,SUS,True
1872,vaude,https://vaude.com,SUS,True
1873,veganino,https://veganino.net,SUS,False
1874,vegetarian shoes,https://vegetarian-shoes.co.uk,NOT,True
1875,veja,http://veja-store.com,SUS,True
1876,velour by nostalgi,https://velourstore.com/int,SUS,True
1877,velvet,https://velvet-tees.com,NOT,True
1878,verbenas,https://ilikeverbenas.com,SUS,False
1879,verhip,https://babyverhip.nl,SUS,True
1880,verhulst,https://verhulstcasuals.nl,SUS,True
1881,vero moda,https://veromoda.com,NOT,False
1882,versace,https://versace.com,NOT,False
1883,vibram fivefingers,https://vibram.nl/,NOT,True
1884,victoria,https://victoriabeckham.com,NOT,True
1885,victoria hyde,https://victoriahyde.co.uk,NOT,True
1886,vidorreta,https://vidorreta.com,NOT,True
1887,vila,https://vila.com,NOT,False
1888,vildnis,https://vildnis.co.uk,SUS,True
1889,vilebrequin,https://vilebrequin.com,NOT,False
1890,vimma,https://vimmacompany.com,SUS,True
1891,vineyard vines,https://vineyardvines.com,NOT,False
1892,vingino,https://vingino.com,NOT,True
1893,vintage supply,https://vintage-supply.com/,SUS,True
1894,violet fish fashio,https://violetfishfashion.com.au,SUS,True
1895,vision street wear,http://visionstreetwear.com,NOT,True
1896,visvim,https://visvim.tv,SUS,True
1897,vitaly,https://vitalydesign.com,NOT,True
1898,vivienne westwood,https://viviennewestwood.com,NOT,True
1899,vivobarefoot,https://vivobarefoot.com,NOT,True
1900,voda swim,https://vodaswim.com,NOT,True
1901,voi,https://voijeans.com,NOT,True
1902,volcom,https://volcom.com,SUS,True
1903,vole la lumiere,https://www.volelalumiere.com,SUS,False
1904,von dutch,https://vondutch.com,NOT,True
1905,von jungfeld,https://jungfeld.com/eu,SUS,True
1906,voodoo vixen,https://voodoovixen.co.uk,SUS,True
1907,vossen,https://vossenwheels.com,SUS,True
1908,wal g.,https://www.walg.co.uk,SUS,True
1909,waldviertler,https://gea-waldviertler.de,SUS,True
1910,walk london,https://www.walklondonshoes.com,NOT,True
1911,wana bana,https://www.wanabanadesign.com,SUS,False
1912,wasni,https://www.wasni.de,SUS,True
1913,we are cph,https://wearecph.com,NOT,True
1914,wearcolour,https://wearcolour.com,NOT,False
1915,weekday,https://www.weekday.com,NOT,True
1916,wehkamp,https://www.wehkamp.nl,NOT,True
1917,wellensteyn,https://www.wellensteyn.com,NOT,True
1918,wellicious,https://www.wellicious.com,SUS,True
1919,wemoto,https://wemotoclothing.com,NOT,True
1920,wenger,https://www.wenger.ch,NOT,True
1921,werner,https://wernerstore.com,SUS,True
1922,wesc,https://shopwesc.com,SUS,True
1923,whistles,https://www.whistles.com,NOT,True
1924,white mountaineering,http://www.whitemountaineering.com,SUS,True
1925,white stuff,https://www.whitestuff.com,NOT,True
1926,who's that girl,https://www.whosthatgirl-shop.eu,SUS,False
1927,whyred,http://www.whyred.com,NOT,False
1928,wibra,https://wibra.eu,NOT,True
1929,wild,https://www.reallywildclothing.com,SUS,True
1930,wild fawn,https://wildfawnclothing.com,SUS,False
1931,wild hunt,https://wildhuntclothing.com,SUS,False
1932,wildthings,https://www.wildthingsgear.com,SUS,True
1933,witt,https://www.witt-international.co.uk,NOT,False
1934,woden,https://woden.com,SUS,True
1935,wolford,https://www.wolfordshop.co.uk,NOT,True
1936,wolky,https://www.wolkyshop.co.uk,NOT,True
1937,woodbird,https://woodbird.dk,SUS,True
1938,woodlike ocean,https://woodlikeocean.com,SUS,True
1939,woolpower,https://www.woolpower.se,SUS,True
1940,wrangler,https://www.wrangler.co.uk,NOT,True
1941,wunderwerk,https://www.wunderwerk.com,SUS,True
1942,xd design,https://xd-design.com,SUS,True
1943,y not?,https://ynotfashion.co.uk,SUS,False
1944,yaya,https://yaya.nl,NOT,True
1945,yellow cab,https://www.yellowcab-shoes.com,NOT,True
1946,yeti,https://yeti.com,SUS,True
1947,young frankk,https://youngfrankk.com,SUS,False
1948,your face,https://yourface.fi,NOT,True
1949,yours,https://yoursclothing.com,SUS,True
1950,yumi,https://yumi.co.uk,NOT,True
1951,yunit,https://yunit-studio.com,SUS,True
1952,z shoes,https://zshoesorganic.com/,SUS,True
1953,z8,https://z8.nl,NOT,True
1954,zalando,https://zalando.co.uk,NOT,False
1955,zanerobe,https://zanerobe.com,SUS,True
1956,zara,https://zara.com,SUS,True
1957,zarkoperfume,https://www.zarkoperfume.com,SUS,True
1958,zazu amsterdam,https://zazuamsterdam.nl,SUS,True
1959,zebratod/ ilona von preuschen,https://ilonavonpreuschen-shop.de/,SUS,False
1960,zeeman,https://zeeman.com,SUS,True
1961,zen by sen,https://zenbysen.com,SUS,False
1962,zendee,https://zendee.nl,SUS,True
1963,ziener,https://ziener.com,NOT,True
1964,zizzi,https://zizzifashion.com,NOT,True
1965,zokk'n,https://zokkn.be,SUS,True
1966,zoé muse,https://zoemuse-fashion.com/,SUS,False
1967,zumo,https://zumo-international.com,NOT,True
1968,zwilling,https://zwilling.com,NOT,True
1969,zwillingsherz,https://zwillingsherz.com,NOT,True
1970,solid,https://solidmen.com,NOT,True
1971,10days,https://10dayslifestyle.nl,NOT,True
1972,a.s.98,https://as-98.com,NOT,True
1973,alternative apparel,https://alternativeapparel.com,SUS,True
1974,armedangels,https://armedangels.de,SUS,True
1975,state of art,https://stateofart.com,NOT,True
1976,article22,https://article22.com,SUS,True
1977,bamboodaddy,https://bamboodaddy.nl,SUS,True
1978,blauer.usa,https://blauerusa.com,NOT,True
1979,bleed clothing,https://bleed-clothing.com,SUS,True
1980,blue loop original,https://bluelooporiginals.com,SUS,True
1981,bric’s,https://bricstore.com,SUS,True
1982,chrome industries,https://chromeindustries.com,NOT,True
1983,continental clothi,https://continentalclothing.com,SUS,True
1984,curare yogawear,https://curare-yogawear.com,SUS,True
1985,denham the jeanmak,https://www.denhamthejeanmaker.com,NOT,True
1986,dr.denim,https://drdenim.com,NOT,True
1987,engel natur,https://engel-natur.de,SUS,True
1988,erlich textil,https://erlich-textil.de,SUS,True
1989,fox racing,https://foxracing.com,NOT,True
1990,the goodpeople,https://thegoodpeople.com,SUS,True
1991,hollister co.,https://hollisterco.com,NOT,False
1992,knowledge cotton apparel,https://knowledgecottonapparel.com,SUS,True
1993,libertine-libertine,https://libertine-libertine.com,NOT,True
1994,ltb jeans,http://www.ltbjeans.com,NOT,True
1995,melawear,https://melawear.de,SUS,True
1996,muroexe,https://eu.muroexe.com,SUS,True
1997,obey clothing,https://obeyclothing.com,SUS,True
1998,p.i.c style,https://pic-style.com,SUS,True
1999,pantofola d’oro,https://pantofoladoro.com,NOT,True
2000,ps paul smith,https://paulsmith.com,NOT,True
2001,picture organic clothing,https://picture-organic-clothing.com,SUS,False
2002,sand copenhagen,https://sandcopenhagen.com,NOT,True
2003,schott nyc,https://schottnyc.com,NOT,True
2004,suite13,http://suite13.es,SUS,True
2005,superdry.,https://superdry.com,NOT,True
2006,thokkthokk,https://thokkthokk.com,SUS,True
2007,timbuk2,https://timbuk2.com,SUS,True
2008,alpaca loca,https://www.alpacaloca.nl,SUS,True
2009,solo socks,https://solosocks.co,SUS,True
2010,dierbaar goed,https://www.dierbaargoedarnhem.nl,SUS,True
2011,pernille corydon,https://www.pernillecorydon.com,NOT,True
2012,moscow,https://svmoscow.com,NOT,True
2013,via vai,https://www.viavaifashion.com,NOT,True
2014,zhrill,https://www.zhrill.eu,NOT,True
