,brand,url,label
0,#ladc,https://www.ladc-paris.com,NOT
1,'47,https://47brand.com,NOT
2,- contraer -,https://contraer.com,NOT
3,032c,https://032c.com,SUS
4,10 feet,https://10feet.nl,NOT
5,11 degrees,https://11degrees.com,NOT
6,2mok,https://2mok.pt,SUS
7,2ndday,http://2ndday.com,NOT
8,3.1 phillip lim,https://31philliplim.com,NOT
9,4funkyflavours,https://4funkyflavours.eu,NOT
10,4th & reckless,https://4thandreckless.com,NOT
11,5.11,https://511tactical.com,NOT
12,66 north,https://66north.com,NOT
13,7 diamonds,https://7diamonds.com,NOT
14,7 for all mankind,https://www.7forallmankind.co.uk,NOT
15,8848 altitude,https://www.8848altitude.com,NOT
16,a fish named fred,https://afishnamedfred.com,NOT
17,a.p.c,https://apc.fr,NOT
18,aaiko,https://aaiko.com,NOT
19,abercrombie & fitch,http://abercrombie.com,NOT
20,abk,http://abk-climbing.eu,NOT
21,about you,https://aboutyou.nl,NOT
22,abury,https://abury.net,SUS
23,aclima,http://aclima.com,SUS
24,acne,https://acnestudios.com,NOT
25,act,https://act-store.com,NOT
26,action,https://actionshop.com,NOT
27,active basic,https://activebasicusa.com,NOT
28,ada perlu,https://adaperlu.com,SUS
29,adam,https://adamlippes.com,NOT
30,adelheid,https://adelheidbergin.com,SUS
31,adidas,https://adidas.com,NOT
32,adolfo dominguez,https://adolfodominguez.com,NOT
33,aevor,https://aevor.com,SUS
34,afriek,https://afriek.com,SUS
35,after eden,https://aftereden.nl,NOT
36,aftermath,https://aftermath.com.au,SUS
37,ag jeans,http://agjeans.com,NOT
38,agolde,https://agolde.com,NOT
39,ahimsa,https://useahimsa.com,NOT
40,ahrberg,http://www.ahrbergjacksondesign.co.uk,SUS
41,aigner,https://aignermunich.com,NOT
42,aikyou,https://aikyou.de,SUS
43,airblaster,https://myairblaster.com,SUS
44,airforce,https://air-force.nl,NOT
45,akbar delights,http://akbardelightscollections.com,SUS
46,akomplice,https://akomplice-clothing.com,NOT
47,akris,https://akris.com,NOT
48,al mara scarves,https://almarascarves.com,SUS
49,alas,https://alasboutique.com,SUS
50,alba of denmark,https://albaofdenmark.dk,SUS
51,albero,http://alberonatur.com,SUS
52,alberta ferretti,https://albertaferretti.com,NOT
53,alberto,https://alberto-pants.com,NOT
54,alca fashion,https://alcafashion.com,NOT
55,alchemist,https://alchemist-fashion.com,SUS
56,alcott,https://alcott.eu,NOT
57,alex mill,https://alexmill.com,SUS
58,alexander mcqueen,https://alexandermcqueen.com,NOT
59,alexander wang,https://alexanderwang.com,NOT
60,alife and kickin,https://alifeandkickin.nl,SUS
61,alkena,https://alkena.de,SUS
62,all gems,https://allgems.nl,SUS
63,all things we like,https://allthingswelike.com,SUS
64,allpa,https://allpa-marine.com,SUS
65,allsaints,https://allsaints.com,NOT
66,alma & lovis,https://almalovis.de,SUS
67,almgwand,https://almgwand.at,NOT
68,alolola,https://alolola.com,SUS
69,alpha industries,https://www.alphaindustries.com,NOT
70,alpina,https://alpina-automobiles.com,SUS
71,alpinestars,https://alpinestars.com,NOT
72,altercore,http://altercore.co.uk,SUS
73,altra,https://www.altrarunning.com,NOT
74,amazonas,https://amazonasclothing.co.uk,SUS
75,ambiorix,http://ambiorix.be,NOT
76,america today,https://america-today.com,NOT
77,american apparel,https://americanapparel.com,NOT
78,american vintage,https://americanvintage-store.com,NOT
79,amsterdenim,https://amsterdenim.com,NOT
80,amuse society,https://amusesociety.com,SUS
81,ana dyla,https://anadyla.com,SUS
82,anatomicals,http://anatomicals.com.mt,SUS
83,anecdote,https://anecdote.nl,NOT
84,anekdot,https://anekdotboutique.com,SUS
85,anello,https://anello.jp,SUS
86,anerkjendt,https://anerkjendt.com,SUS
87,angulus,https://angulus.dk,NOT
88,anita,https://anita.com,NOT
89,ann taylor,https://anntaylor.com,NOT
90,anna van toor,https://www.annavantoor.nl,NOT
91,anne gorke,https://annegorke.com,SUS
92,anne semonin,https://annesemonin.com,NOT
93,annie greenabelle,http://anniegreenabelle.com,NOT
94,another view,http://anotherview.dk,SUS
95,anthony,https://anthonysfla.com,NOT
96,antwrp,https://antwrp.be,NOT
97,anukoo,https://anukoo.com,SUS
98,apart,https://apart-fashion.de,NOT
99,apple of eden,https://appleofedenshoes.com,NOT
100,apricot,https://apricotonline.co.uk,NOT
101,aqa,https://aqaq.com,SUS
102,ara,https://arajakarta.com,SUS
103,aramis,http://aramisbarcelona.com,NOT
104,arcopedico,https://www.arcopedico.co.uk,NOT
105,arena,https://www.arenawaterinstinct.com,NOT
106,argentum,https://argentumfashion.com,NOT
107,ariat,https://ariat.com,NOT
108,arielle,https://shop-arielle.com,SUS
109,aritzia,https://aritzia.com,NOT
110,armani exchange,https://armaniexchange.com,NOT
111,armor lux,https://armorlux.com,NOT
112,arnette,https://arnette.com,NOT
113,arnhem,https://arnhem.co,NOT
114,artelusa,https://artelusa.pt,SUS
115,articles of society,https://articlesofsociety.com,SUS
116,artu napoli,http://artunapoli.com,SUS
117,arture,https://myarture.com,SUS
118,arys,https://www.arys-berlin.com,SUS
119,ash,https://ash.com,NOT
120,ashish,http://ashish.co.uk,SUS
121,asics,https://asics.com,NOT
122,asics tiger,https://asicstiger.com,NOT
123,asos,https://asos.com,NOT
124,asquith,https://asquithlondon.com,SUS
125,assembly label,https://assemblylabel.com,SUS
126,assos,https://assos.com,NOT
127,atelier d'afrique,https://atelier-dafrique.com/,SUS
128,atelier phi,https://atelierphi.nl,SUS
129,atlas,https://atlasformen.co.uk,NOT
130,aubade,https://aubade.co.uk,NOT
131,august,https://august1983.com,SUS
132,auraque,https://auraque.com,SUS
133,aussiebum,https://aussiebum.com,NOT
134,avance,https://avance-clothing.com,NOT
135,axi schoen,https://axischoen.nl,NOT
136,ayacucho,https://www.ayacucho-outdoor.com,SUS
137,aymara,http://www.aymara.be,NOT
138,azzaro,https://azzaro.com,SUS
139,b.belt handmade in germany,https://b-belt.fashion/,SUS
140,b.young,https://byoung.com,SUS
141,baba babywear,https://baba-babywear.be,SUS
142,babyface,http://babyface.nl,NOT
143,bad rhino,https://badrhino.com,NOT
144,badger,https://www.badgerclothing.co.uk,NOT
145,bagoa,https://bagoafashion.com,SUS
146,balagan,https://balaganstudio.com,SUS
147,balance me,https://balanceme.com,SUS
148,baldessarini,https://www.baldessarini.com,SUS
149,balenciaga,https://balenciaga.com,NOT
150,bally,https://bally.com,NOT
151,balmain,https://balmain.com,NOT
152,bamboo belgium,https://bamboobelgium.be,SUS
153,bambooo,https://vanbamboe.nl/bambooo/,SUS
154,bamigo,https://bamigo.com,SUS
155,band of outsiders,https://bandofoutsiders.com,NOT
156,band of rascals,https://band-of-rascals.com,SUS
157,barba napoli,https://barbanapoli.shop,NOT
158,barbour,https://barbour.com,NOT
159,bardot,https://bardot.com,NOT
160,barker,https://barkersonline.co.nz,NOT
161,base london,https://baselondon.com,NOT
162,baserange,https://baserange.net,SUS
163,basic apparel,https://basicapparel.dk,SUS
164,bask in the sun,https://baskinthesun.fr,SUS
165,basler,https://basler-fashion.com,SUS
166,baxter of california,https://baxterofcalifornia.com,NOT
167,bbsahel,https://bbsahel.com,SUS
168,bcbgeneration,https://bcbgeneration.com,NOT
169,beard & fringe,https://beardandfringe.com/,SUS
170,bearpaw,https://bearpaw.com,NOT
171,beaumont organic,https://beaumontorganic.com,SUS
172,becksöndergaard,https://becksondergaard.com/,SUS
173,bedrock sandals,https://bedrocksandals.com,SUS
174,beechfield,http://beechfield.com,NOT
175,bel&bo,https://bel-bo.be,NOT
176,bellamy gallery,https://bellamygallery.com,SUS
177,bellfield,https://bellfieldclothing.com,SUS
178,bellybutton,https://bellybutton.de,NOT
179,belstaff,https://belstaff.com,NOT
180,ben sherman,https://bensherman.com,SUS
181,bench.,https://bench.ca,NOT
182,benetton,https://benetton.com,NOT
183,bensimon,https://bensimon.com,NOT
184,benton,https://benton1988.com,SUS
185,bergans,https://bergans.com,NOT
186,bergson,https://bergson-shop.de,SUS
187,bershka,https://bershka.com,NOT
188,bertoni,https://bertoni.com,NOT
189,best company,https://bestcompany1982.it/en/new-gen-home-en/,NOT
190,better than nude,http://betterthannudes.com,SUS
191,better world fashion,https://betterworldfashion.com,SUS
192,betty barclay,https://bettybarclay.com,NOT
193,beyer's oil,https://beyersoil.com,SUS
194,beyond skin,https://beyond-skin.com,SUS
195,bhava studio,https://bhavastudio.com,SUS
196,bianco,https://bianco.com,NOT
197,bibico,https://bibico.co.uk,SUS
198,bickley & mitchell,https://bickleyandmitchell.com/,SUS
199,bidi badu,https://bidibadu.com,SUS
200,bik bok,https://bikbok.com,NOT
201,bikkembergs,https://bikkembergs.com,NOT
202,billabong,https://billabong.com,NOT
203,billi bi,https://billibi.com/en/,NOT
204,billy the kid,https://billiethekid.com.au/,SUS
205,birkenstock,https://birkenstock.com,SUS
206,bisgaard,https://bisgaardshoes.com,SUS
207,bizzbee,https://bizzbee.com,NOT
208,björn borg,https://bjornborg.com,NOT
209,black diamond,https://blackdiamondequipment.com,NOT
210,black milk,https://blackmilkclothing.com,NOT
211,blacksocks,https://blacksocks.com,SUS
212,blackstone,https://blackstoneclothing.co.nz,NOT
213,blaumax,https://blaumax.com,NOT
214,blend,https://blendcompany.com,NOT
215,blend she,http://www.blendshe.com,SUS
216,blind barber,https://blindbarber.com,SUS
217,bloi,http://bloi.se,SUS
218,bloom,https://bloomclothingcompany.com,SUS
219,blue industry,https://www.blueindustry.nl,SUS
220,blue seven,https://blueseven.com,SUS
221,bluefields,https://bluefields-fashion.com,NOT
222,blundstone,https://blundstone.com,NOT
223,blush,https://blushclothing.ie,NOT
224,blutsgeschwister,https://blutsgeschwister.de,SUS
225,bms,https://www.bms-shop.com,SUS
226,bocage,https://bocage.eu,NOT
227,boden,https://boden.co.uk,NOT
228,bogner,https://bogner.com,NOT
229,bohemian fair trade,https://bohemianfairtrade.com/,SUS
230,bombers,https://bombers-original.com,NOT
231,bomboogie,https://bomboogie.com,NOT
232,bon'a parte,https://bonaparteshop.com,NOT
233,bonsai kitten,https://bonsaikitten.com.au,SUS
234,boo surfwear,https://boosurfwear.com,SUS
235,boob,https://boobdesign.com,SUS
236,boohoo,https://boohoo.com,NOT
237,boohoo man,https://boohooman.com,NOT
238,bookman,https://bookman.se,SUS
239,boomerang,https://boomerangstore.com,SUS
240,boras,https://boras.com,SUS
241,boris industries,https://borisindustries.com,SUS
242,born rich,https://bornrichclothing.com,NOT
243,born shoes,https://www.bornshoes.com,NOT
244,bota safari,http://botasafari.com/en/,NOT
245,bottega veneta,https://bottegaveneta.com,NOT
246,bourgeois boheme,https://bboheme.com/,SUS
247,boxfresh,https://boxfresh.com,NOT
248,boys&girls,https://boysgirlsonline.com,SUS
249,braend,http://braend.nl,SUS
250,brainshirt,https://brainshirt.eu,SUS
251,brako,http://brakoanatomics.com,SUS
252,brams paris,https://bramsparis.com,SUS
253,brandit,https://brandit-wear.com,SUS
254,brandtex,https://brandtex.dk,SUS
255,brandy & melville,https://brandymelvilleusa.com,NOT
256,brava fabrics,https://bravafabrics.com,SUS
257,brave soul,https://bravesoul.co.uk,NOT
258,brax,https://brax.com,NOT
259,bread & boxers,https://breadandboxers.com/,SUS
260,bree,https://bree.com,NOT
261,breil,https://breil.com,SUS
262,breizuss,https://breizuss.nl,SUS
263,brice,https://brice.fr,NOT
264,bristol,https://bristol-studio.com,NOT
265,british knights,https://britishknights.com,NOT
266,brixtol textiles,https://brixtoltextiles.com,NOT
267,brixton,https://brixton.com,NOT
268,broadway,https://broadwayfashion.ca,NOT
269,bronx,https://bronxclothing.co.uk,NOT
270,brooklyn soap,https://bklynsoap.com/,SUS
271,brooks,https://brooksrunning.com,NOT
272,brooks brothers,https://brooksbrothers.com,NOT
273,brooks england,https://brooksengland.com,NOT
274,brubeck,http://brubeck.co.uk,SUS
275,brunello cucinelli,http://brunellocucinelli.com,NOT
276,bruno banani,https://brunobanani.com,NOT
277,brunotti,https://www.brunotti.com,NOT
278,bruuns bazaar,https://bruunsbazaar.com,SUS
279,buddha to buddha,https://buddhatobuddha.com,NOT
280,bufandy,https://bufandy.com,SUS
281,buff,https://buff.com,SUS
282,buffalo,http://buffalosystems.co.uk,SUS
283,bugatti,https://bugatti-fashion.com,NOT
284,bullboxer,https://bullboxer.com,SUS
285,bumble and bumble,https://bumbleandbumble.com,NOT
286,bundle 'n joy,https://bundlenjoy.com,SUS
287,burberry,https://uk.burberry.com,NOT
288,burker watches,https://burkerwatches.com,SUS
289,burlington,https://burlington.com,NOT
290,burt's bees,https://burtsbeesbaby.com,SUS
291,burton,https://burton.co.uk,NOT
292,by garment makers,https://bygarmentmakers.com/,SUS
293,by malina,https://bymalina.com,NOT
294,by monkey,https://bymonkey.com/,SUS
295,by pia´s,https://bypias.com,NOT
296,by signe,https://bysigne.com,SUS
297,bydanie,http://bydanie.nl,NOT
298,byoni,https://byoni.nl,SUS
299,c&a,https://c-and-a.com,SUS
300,c.p. company,https://cpcompany.com,NOT
301,cabin zero,https://cabinzero.com,SUS
302,cakewalk,https://cakewalkstore.com,NOT
303,calida,https://calida.com,SUS
304,call it spring,https://callitspring.com,NOT
305,callaway,https://callawayapparel.com,NOT
306,calzedonia,https://calzedonia.com,NOT
307,camano,https://camano.de,SUS
308,camel active,https://camelactive.de,NOT
309,camp david,https://campdavid.com,NOT
310,camper,https://camper.com,NOT
311,campomaggi,https://campomaggi.com,NOT
312,campus,https://campusclothing.com,SUS
313,canadian classics,https://canadianclassics.it,NOT
314,candice cooper,https://candicecooper.com,SUS
315,cano,https://thecanoshoe.com,SUS
316,canterbury,https://canterbury.com,NOT
317,canussa,https://canussa.com,SUS
318,caprice,https://boutiquecaprice.com,SUS
319,care label,https://carelabels.co.uk,SUS
320,carhartt,https://carhartt.com,NOT
321,carhartt wip,https://carhartt-wip.com,NOT
322,carla zampatti,https://carlazampatti.com.au,NOT
323,carlijnq,https://carlijnq.nl,SUS
324,carlo colucci,https://carlocolucci.com,SUS
325,carmina campus,https://carminacampus.com,NOT
326,carolina cavour,https://carolinacavour.com,SUS
327,caroline biss,https://carolinebiss.com,NOT
328,carpasus,https://carpasus.com,SUS
329,carrera,https://carrerajeans.com,NOT
330,carryeco,https://www.carryeco.in,SUS
331,cars jeans,https://carsjeans.nl,NOT
332,carter's,https://carters.com,NOT
333,casa moda,https://casamoda.com,NOT
334,casa yustas,https://casayustas.com,SUS
335,casall,https://casall.com,SUS
336,casio,https://casio.com,SUS
337,castelli,https://www.castelli-cycling.com,NOT
338,cat footwear,https://catfootwear.nl,NOT
339,catimini,https://catimini.com,NOT
340,catwalk junkie,https://catwalkjunkie.com,NOT
341,cayboo,https://cayboo.nl,SUS
342,ceceba,http://ceceba.com,NOT
343,cecilie copenhagen,https://ceciliecopenhagen.com,SUS
344,celio,https://celio.com,NOT
345,cep,https://cepcompression.com,NOT
346,cetti,http://cetti.es,SUS
347,chaco,https://chacos.com,NOT
348,champion,https://championstore.com,NOT
349,chanel,https://chanel.com,NOT
350,chapati,https://chapati.de,SUS
351,charles vögele,http://charles-voegele.nl/,NOT
352,charlie + mary,https://charliemary.com,SUS
353,charlotte russe,https://charlotterusse.com,NOT
354,chasin',https://chasin.com,NOT
355,cheaney,https://cheaney.co.uk,NOT
356,chi chi london,https://chichiclothing.com,NOT
357,chickenorpasta,https://chickenorpasta.nl,SUS
358,chie mihara,https://chiemihara.com,NOT
359,chiemsee,https://chiemsee.com,SUS
360,chillouts,https://chillouts.de,SUS
361,chinese laundry,https://chineselaundry.com,NOT
362,chloé,https://chloe.com,NOT
363,chpo,https://chpobrand.com,SUS
364,christophe robin,https://christopherobin.co.uk,NOT
365,chureca chic,https://churecachic.com,SUS
366,cinque,https://cinque.de,NOT
367,circle of trust,https://circleoftrust.nl,NOT
368,circlestances,https://circlestances.de,SUS
369,citizen,https://moderncitizen.com,NOT
370,citizens of humanity,https://citizensofhumanity.com,NOT
371,cks,https://cks-fashion.com,NOT
372,clae,https://clae.com,NOT
373,claesen's,https://claesens.com,SUS
374,claire,https://clairewoman.com,NOT
375,clarks,https://www.clarks.co.uk,NOT
376,cleptomanicx,https://cleptomanicx.com,NOT
377,clinique,https://clinique.com,NOT
378,closed,https://closed.com,SUS
379,closet london,https://closetlondon.com,NOT
380,club monaco,https://www.clubmonaco.com,NOT
381,cmp,https://cmpsport.com,NOT
382,coach,https://coach.com,NOT
383,coast,https://www.coastfashion.com,NOT
384,cobian,https://cobianusa.com,NOT
385,coccara,https://coccara.de,NOT
386,coccinelle,https://coccinelle.com,NOT
387,codello,https://codello.de,SUS
388,cole haan,https://colehaan.com,NOT
389,coline,https://www.coline.com,NOT
390,collégien,https://en.collegien-shop.com/,SUS
391,colmar,https://colmar.it,NOT
392,colorful standard,https://colorfulstandard.com,SUS
393,columbia,https://columbiasportswear.nl,NOT
394,comazo,https://comazo.de,SUS
395,combatant gentlema,https://combatgent.com/,NOT
396,comma,https://comma-store.eu,NOT
397,common texture,https://commontexture.com/,SUS
398,comptoir des coton,https://comptoirdescotonniers.eu,NOT
399,converse,https://converse.com,NOT
400,coolcat,https://coolcat.nl,NOT
401,cop copine,https://cop-copine.com,NOT
402,coq en pate,https://coqenpate.com,SUS
403,cora kemperman,https://corakemperman.shop,SUS
404,cordwainer,http://cordwainers.org,NOT
405,corneliani,https://www.corneliani.com,NOT
406,cortica,https://cortica.co.uk,NOT
407,cos,https://cosstores.com,SUS
408,cosense,https://cosense.nl,SUS
409,cosrx,https://cosrx.com,NOT
410,cossac,https://cossac.co.uk,SUS
411,costes,https://costesfashion.com,NOT
412,cotonea,http://cotonea.com,SUS
413,cotton on,https://cottonon.com,NOT
414,country line,http://countryline.ca,SUS
415,cowboysbag,https://cowboysbag.com,SUS
416,craft,https://craftsportswear.com,SUS
417,cream,https://cream-clothing.com,NOT
418,creamie,https://creamie.eu,SUS
419,created by earth,https://createdbyearth.nl/index.php?route=common/home,SUS
420,creative recreation,https://creativerecreation.co.uk,NOT
421,cri de coeur,https://cridecoeur.myshopify.com/,SUS
422,criminal damage,https://criminaldamage.co.uk,SUS
423,crocs,https://crocs.com,NOT
424,cross sportswear,https://cross-sportswear.com,SUS
425,crumpler,https://crumpler.com,NOT
426,cruyff classics,https://cruyffclassics.com,NOT
427,cubus,https://cubus.com,NOT
428,cuc de poma,https://cucdepoma.com,SUS
429,culture,https://shopcultureclothing.com,NOT
430,curlsmith,https://uk.curlsmith.com,NOT
431,curms,https://curms.com,SUS
432,cus,https://cus.cat,SUS
433,custommade,https://custommade.dk,NOT
434,dachstein,https://dachsteinschuhe.com,NOT
435,dadamora,https://dadamora.com,SUS
436,dailybread,https://dailybreadpa.com,SUS
437,dakine,https://dakine.com,NOT
438,damir doma,https://damirdoma.com,SUS
439,danefae,https://danefae.dk,SUS
440,daniel hechter,https://daniel-hechter.de,NOT
441,daniel kroh,http://danielkroh.com,SUS
442,dante6,https://dante6.com,NOT
443,daquïni,https://daquini.com/,SUS
444,dare 2b,https://dare2b.com,NOT
445,dare to wear,https://daretowearclothing.co.uk,SUS
446,dc shoes,https://dcshoes.com,NOT
447,de marchi,https://demarchi.com,NOT
448,dedicated,https://dedicatedbrand.com,SUS
449,deepmello,https://deepmello.com,SUS
450,degree,https://degreeclothing.de,SUS
451,deichmann,https://deichmann.com,NOT
452,delsey,https://delsey.com,SUS
453,denim project,https://thenewdenimproject.com,SUS
454,denise roobol,https://deniseroobol.com,SUS
455,denkefair,https://denkefair.de,SUS
456,dept.,http://artdeptclothing.com,NOT
457,derbe,https://derbeshop.de,NOT
458,derhy,https://derhy.com,NOT
459,des petits hauts,https://despetitshauts.com,NOT
460,designers remix,https://designersremix.com,SUS
461,desigual,https://desigual.com,NOT
462,desires,https://desires.dk,SUS
463,deuce,https://deucebrand.com,SUS
464,deuter,https://deuter.com,SUS
465,devold,https://devold.com,SUS
466,diadora,https://diadora.com,NOT
467,diamond supply co.,https://diamondsupplyco.com,SUS
468,dick moby,https://dick-moby.com,SUS
469,dickies,https://dickies.com,NOT
470,didi,https://didi.nl,NOT
471,didriksons,https://didriksons.com,SUS
472,diesel,https://uk.diesel.com,NOT
473,dilling,https://uk.dilling.com,SUS
474,dillysocks,https://dillysocks.com,SUS
475,dim,https://dim.com,NOT
476,dior,https://dior.com,NOT
477,disana,https://disana.de,SUS
478,djinn's,http://djinns.eu,SUS
479,dockers,https://dockers.com,NOT
480,doers of london,https://doersoflondon.com,SUS
481,dolce&gabbana,https://dolcegabbana.com,NOT
482,domyos,https://domyos.co.uk,SUS
483,doris&dude,https://dorisanddude.com/,SUS
484,dorothy perkins,https://dorothyperkins.com,NOT
485,dos woman,https://doswoman.com,SUS
486,doucal's,https://www.doucals.com,NOT
487,doughnut,https://doughnutofficial.co.uk,SUS
488,dr dennis gross,https://drdennisgross.com/,NOT
489,dr. martens,https://drmartens.com,NOT
490,dr. pawpaw,https://drpawpaw.com,NOT
491,dreimaster,https://dreimastershop.de,SUS
492,dressarte paris,https://dressarteparis.com,SUS
493,dressmann,https://dressmann.com,NOT
494,dries van noten,https://driesvannoten.be,NOT
495,drumohr,https://drumohr.com,NOT
496,drykorn,https://drykorn.com,NOT
497,dsquared2,https://dsquared2.com,NOT
498,dstrezzed,https://dstrezzed.com,SUS
499,duckfeet,https://duckfeet.com,SUS
500,duke,https://dukeclothing.com,NOT
501,dunderdon,https://dunderdon.com,NOT
502,dune london,https://dunelondon.com,NOT
503,dunlop sport,https://dunlopsports.com,NOT
504,dunque,https://dunque.de,SUS
505,duvetica,https://duvetica.com,NOT
506,dvs,https://dvsshoes.com,NOT
507,dw-shop,https://dw-shop.de,NOT
508,dweezilsfriend,https://dweezilsfriend.nl,SUS
509,dynafit,https://dynafit.com,NOT
510,dysfunctional,http://dysfunctionclothing.com/,SUS
511,dzaino,https://dzaino.com,SUS
512,e9,https://e9planet.com,SUS
513,earth creations,https://www.earthcreations.net,SUS
514,eastland,https://eastland.com.au,NOT
515,eastpak,https://eastpak.com,NOT
516,easy peasy,https://easypeasy.fr,SUS
517,ecco,https://gb.ecco.com/en-GB,NOT
518,echte,https://echte.dk,NOT
519,echtlieb,https://echtlieb.de,SUS
520,ecko,https://ecko.com,NOT
521,eco by sonya,https://ecobysonyadriver.eu,SUS
522,ecoalf,https://ecoalf.com,SUS
523,ecoology,https://ecoology.es,SUS
524,ed hardy,http://edhardyoriginals.com,NOT
525,edifice,http://edifice.baycrews.co.jp,NOT
526,edited,https://edited.nl,NOT
527,editions mr,https://editionsmr.fr,SUS
528,edun,https://edun.com,SUS
529,edwin,https://edwin-europe.com,NOT
530,effio,https://effio.nl,SUS
531,egyptian magic,https://egyptianmagic.com,SUS
532,eider,https://eider.com,NOT
533,eileen fisher,https://eileenfisher.com,NOT
534,ein garten,https://eingarten.com,SUS
535,ekn,https://eknfootwear.com,SUS
536,ekyog,https://ekyog.com,SUS
537,el ganso,https://elganso.com,NOT
538,el naturalista,https://elnaturalista.com,SUS
539,element,https://elementbrand.com,NOT
540,elemental herbology,https://elementalherbology.com,SUS
541,elements of freedom,https://elementsoffreedom.nl,SUS
542,elementy,https://elementywear.com,SUS
543,eljada,https://eljadafashion.nl,SUS
544,elkline,https://elkline.de,SUS
545,ellesse,https://ellesse.com,NOT
546,elli,https://ellifashion.co.uk,SUS
547,elsien gringhuis,https://elsiengringhuis.com,SUS
548,elvine,https://elvine.se,SUS
549,emanuel berg,https://emanuelberg.com,NOT
550,embassy of bricks and logs,https://www.embassyofbricksandlogs.de,SUS
551,emerica,https://emerica.com,NOT
552,emu,https://emusportswear.com.au,SUS
553,emu australia,https://emuaustralia.com.au,NOT
554,endura,https://endurasport.com,NOT
555,enfant terrible,https://l-enfantterrible.com,SUS
556,engelbert strauss,https://engelbert-strauss.de,NOT
557,enna,https://enna.com.br,SUS
558,enter,http://fashion-enter.com,SUS
559,envii,https://envii.com,NOT
560,episode,https://episode.eu,SUS
561,eq,https://eq-wear.com,SUS
562,erase,https://erasedproject.com,SUS
563,eric bompard,https://eric-bompard.com,NOT
564,erima,https://erima.eu,NOT
565,ernsting's family,https://ernstings-family.de,NOT
566,escape the system,https://escapethesystem.nl,SUS
567,espadrij l´originale,https://espadrij.com/en,SUS
568,esprit,https://esprit.com,NOT
569,esquire,https://esquirenyc.com,NOT
570,estefan,https://carolinaestefan.com,SUS
571,estella bartlett,https://estellabartlett.com,NOT
572,eterna,https://eterna.de,SUS
573,ethletic,https://ethletic.com,SUS
574,etiko,https://etiko.com.au,SUS
575,etnies,https://etnies.com,NOT
576,eton,https://etonshirts.com,NOT
577,etq,https://etq-amsterdam.com,NOT
578,evita,http://evita.ie,SUS
579,ewing,https://ewingathletics.com,SUS
580,express,https://express.com,NOT
581,expresso,https://expresso.nl,NOT
582,ezekiel,https://ezekielusa.com,SUS
583,f.a.m.,https://famapparel.com,SUS
584,fabienne chapot,https://fabiennechapot.com,NOT
585,fabrap,https://fabrap.co,SUS
586,fabrari,https://fabrari.com,SUS
587,fabric horse,https://fabrichorse.com/,SUS
588,fair,https://fairwear.org,SUS
589,fair indigo,https://fairindigo.com,SUS
590,fairrebel,https://fairrebel.com,SUS
591,fairticken,https://fairticken-shop.de,SUS
592,falcon,http://falconsportswear.com,NOT
593,falke,https://falke.com,NOT
594,fallen,https://fallenfootwear.us,SUS
595,farah,https://farah.co.uk,NOT
596,farina opoku,https://farinaopoku.com,SUS
597,fashion union,http://www.fashionunion.co.uk,NOT
598,fat face,https://fatface.com,NOT
599,feetje baby,http://feetje-baby.nl,SUS
600,feiyue,https://feiyue-shoes.com,SUS
601,felina,https://felina.com,SUS
602,femi stories,https://femistories.com,NOT
603,fendi,https://fendi.com,NOT
604,ferdinandnoah,https://ferdinandnoah.com,SUS
605,fighetti,https://fighetticlothing.com,SUS
606,fila,https://fila.com,NOT
607,filosophie,https://ourfilosophie.com,SUS
608,filou & friends,https://filoufriends.com,NOT
609,filson,https://filson.com,NOT
610,fine,https://fineclothing.com,NOT
611,finisterre,https://finisterre.com,NOT
612,finkid,https://finkid.de,NOT
613,fiona paxton,https://fiona-paxton.myshopify.com/,SUS
614,fiorelli,https://fiorelli.com,NOT
615,fiorucci,http://fiorucci.com,NOT
616,firetrap,https://www.firetrap.com,NOT
617,first,https://firstclothing.com,NOT
618,fisherman out of i,http://fishermanoutofireland.com,SUS
619,fitflop,https://fitflop.com,NOT
620,fiveunits,https://fiveunits.com,NOT
621,fjällräven,https://fjallraven.com,SUS
622,flexfit,https://flexfit.com,NOT
623,florsheim,https://www.florsheim.com,NOT
624,flossy,https://flossyshoes.com,NOT
625,folk,https://folkclothing.com,SUS
626,for,https://forapparel.com,NOT
627,for love & lemons,https://forloveandlemons.com/,NOT
628,for your earth,https://foryourearth.fr/?lang=en,SUS
629,forever 21,https://www.forever21.com,NOT
630,forvert,https://forvert.com,SUS
631,fossil,https://fossil.com,NOT
632,foundling,https://foundling.com.au,SUS
633,fraenck,https://fraenck.com,SUS
634,franceschetti,https://franceschetti.it,NOT
635,frank wright,https://frankwrightshoes.com,NOT
636,fratelli rossetti,https://fratellirossetti.com,NOT
637,freaky nation,https://freaky-nation.com,SUS
638,fred de la bretoni,https://freddelabretoniere.com,NOT
639,fred perry,https://fredperry.com,NOT
640,fredsbruder,https://fredsbruder.de,SUS
641,free people,https://freepeople.com,NOT
642,freebird,https://freebirdicons.com,SUS
643,freeman t. porter,https://freemantporter.com,NOT
644,freitag,https://freitag.ch,SUS
645,french connection,https://frenchconnection.com,NOT
646,fresk,http://fresk-world.com,SUS
647,freya,https://freyalingerie.com,NOT
648,frieda & freddies,https://frieda-freddies.com,NOT
649,frisur,https://frisurclothing.com,SUS
650,froccella,https://froccella.com,SUS
651,frogbox,https://frogbox.eu,SUS
652,front row shop,https://frontrowshop.com,SUS
653,frugi,https://www.welovefrugi.com,SUS
654,fruit of the loom,https://www.fruitoftheloom.co.uk,NOT
655,fräulein wunder,https://fraeuleinwunder-hamburg.de/,SUS
656,ftc cashmere,https://ftc-cashmere.com/en/home,SUS
657,funky buddha,https://funky-buddha.com,SUS
658,funkyjunk recycled,http://funkyjunkrecycled.com,SUS
659,furla,https://furla.com,NOT
660,fussl,http://www.fussl.at,SUS
661,g-lab,https://g-lab.com,NOT
662,g-star,https://g-star.com,SUS
663,g. h. bass & co.,https://ghbass.com,NOT
664,g.kero,https://gkero.com,SUS
665,gaastra,https://gaastrastore.com,NOT
666,gabba,https://gabba-denim.com,NOT
667,gabor,https://gaborshoes.co.uk,NOT
668,gabs,https://gabs.it,NOT
669,gadea,https://gadeashoes.com,NOT
670,gaiam,https://gaiam.com,SUS
671,gallucci,https://galluccishoes.it,NOT
672,gamiss,https://gamiss.com,NOT
673,gang,https://gang-clothing.gr,SUS
674,ganni,https://ganni.com,NOT
675,gant,https://gant.com,NOT
676,gap,https://gap.com,NOT
677,garcia,https://www.wearegarcia.com,NOT
678,gardenia copenhage,https://gardeniacopenhagen.com,NOT
679,garment project,https://garmentproject.com,NOT
680,gas jeans,https://gasjeans.com,NOT
681,gaudi,https://gaudi-clothing.com,SUS
682,gear4,https://gear4motorcycles.co.uk,NOT
683,geisha,https://geishafashion.eu,NOT
684,gelati,https://gelatijeans.co,NOT
685,gelukszoekers,https://ikbeneengelukszoeker.nl/,SUS
686,george gina & lucy,https://george-gina-lucy.com,SUS
687,geox,https://geox.com,NOT
688,gerry weber,https://gerryweber.com,NOT
689,gestuz,https://gestuz.com,NOT
690,gianni kavanagh,https://giannikavanagh.com,SUS
691,gianni lupo,https://giannilupo.com,NOT
692,giesswein,https://giesswein.com,SUS
693,gina cusachs,https://ginacusachs.com,SUS
694,gina tricot,https://www.ginatricot.com,NOT
695,giorgio 1958,http://giorgio1958.com,NOT
696,gipsy,https://gipsyonline.com,NOT
697,girav,https://girav.nl,NOT
698,giro,https://giro.com,NOT
699,givenchy,https://givenchy.com,NOT
700,glamorous,https://glamorous.com,NOT
701,globe,https://globebrand.com,NOT
702,globe hope,http://globehope.com,SUS
703,glore,https://glore.de,SUS
704,glorious gangsta,https://gloriousgangsta.com,NOT
705,gloverall,https://gloverall.com,NOT
706,goat organic apparel,https://goatorganicapparel.com,SUS
707,gola,https://gola.co.uk,NOT
708,golden beards,https://goldenbeards.com,SUS
709,golden equation,https://goldenequation.co.uk,NOT
710,goldgarn,https://goldgarn.masquare.de/,SUS
711,goliath,http://stgoliath.com,NOT
712,good guys,https://goodguysclothing.co,SUS
713,good krama,https://goodkrama.com,SUS
714,good news,https://goodnewsapparel.co,SUS
715,good tee co.,https://goodteeco.com,SUS
716,goodsociety,https://goodsociety.org,SUS
717,goosecraft,https://goosecraft.com,NOT
718,gore wear,https://gorewear.com,NOT
719,grab your garb,https://grabyourgarb.com,SUS
720,grace,https://ilovegraceclothing.com,SUS
721,graciela huam,https://gracielahuam.com,SUS
722,green shirts,https://green-shirts.com,SUS
723,greenality,https://greenality.com,SUS
724,greenbomb,https://greenbomb.info,SUS
725,greenburry,https://greenburry.de,SUS
726,greenland,http://greenlandtoday.com,SUS
727,gregory,https://gregory.net.nz,SUS
728,grenson,https://grenson.com,NOT
729,greystone,http://greystonebigsizes.com,NOT
730,grimey,https://grimeywear.com,SUS
731,groenendijk,https://groenendijkbedrijfskleding.nl,SUS
732,grounded,http://groundedclothing.com,NOT
733,grow from nature,https://growfromnature.com,SUS
734,gsus,https://g-sus.com,NOT
735,gta,https://gtasanandreas.net,NOT
736,gucci,https://gucci.com,NOT
737,guess,https://guess.eu,NOT
738,gugguu,https://gugguu.com,NOT
739,guppyfriend,https://guppyfriend.com,SUS
740,gustav,https://gustav-denmark.com,SUS
741,guts & gusto,https://gutsgusto.com,NOT
742,gym king,https://gymkingclothing.com.au,SUS
743,h.i.s,https://his.boutique,NOT
744,h.i.s jeans,https://his-jeans.de,NOT
745,hafendieb,https://hafendieb.de,SUS
746,haglöfs,https://haglofs.com/fi/en-fi/,NOT
747,haikure,https://haikure.com,SUS
748,haix,https://haix.de,SUS
749,hallhuber,https://hallhuber.com,NOT
750,han kjobenhavn,https://hankjobenhavn.com,SUS
751,hanes,https://hanes.com,SUS
752,hangowear,https://hangowear.de,SUS
753,hanna andersson,https://hannaandersson.com,NOT
754,hanro,https://hanro.com,SUS
755,hanwag,https://hanwag.com,SUS
756,hanz de fuko,https://hanzdefuko.com,NOT
757,happy plugs,https://happyplugs.com,SUS
758,happy size,https://happy-size.de,SUS
759,happy socks,https://happysocks.com,NOT
760,hardware,http://www.hardwareldn.com,SUS
761,harley davidson,https://harley-davidson.com,NOT
762,harold's,https://harolds.com,SUS
763,harrington,https://harrington.fr,NOT
764,harris wharf london,https://harriswharflondon.co.uk,NOT
765,harry,https://harrys.nz,SUS
766,hatico,https://hatico.de,NOT
767,hatley,https://hatley.com,SUS
768,hatsup,https://hatsupshop.com,SUS
769,havaianas,https://havaianas-store.com,NOT
770,havep,https://havep.com,SUS
771,hawke&co,https://hawkeco.com,NOT
772,head,https://head.com,NOT
773,head over heels,https://headoverheelsonline.com,SUS
774,hedgren,https://hedgren.com,NOT
775,heimplanet,https://heimplanet.com,SUS
776,hej organic,https://hejorganic.com,SUS
777,helly hansen,https://hellyhansen.com,NOT
778,helmut lang,https://helmutlang.com,NOT
779,helvetica mountain pioneers,https://helvetica-mp.com/,NOT
780,hema,https://hema.com,NOT
781,hempage,https://hempage.com,SUS
782,herrlicher,https://herrlicher.com,NOT
783,hers wave,https://herswave.com,SUS
784,herschel,https://herschel.com,NOT
785,hessnatur,https://hessnatur.com,SUS
786,hey honey,https://heyhoneyclothing.com,SUS
787,hi-tec,https://hi-tec.com,NOT
788,hidden beneath underwear,https://hiddenbeneathunderwear.com,SUS
789,hide the label,https://hidethelabel.com,SUS
790,high peak,http://hipeak.com/,NOT
791,hiit,https://myhiitgear.com,NOT
792,hikari,https://hikaricollection.com,SUS
793,hippytree,https://hippytree.com,SUS
794,hirschkind,https://hirschkind.de,SUS
795,hobbs,https://www.hobbs.com,NOT
796,holdereight,https://holdereight.com,SUS
797,hom,https://uk.hom.com,NOT
798,homebase,https://homebase.co.uk,SUS
799,homeboy,https://www.homeboy.eu,SUS
800,hoodlamb,https://hoodlamb.com,SUS
801,hope,https://hope-sthlm.com,NOT
802,horsefeathers,http://horsefeathers.eu,NOT
803,hot&tot,https://hottot.nl,SUS
804,hotter,https://hotter.com,NOT
805,houdini,https://houdinisportswear.com,SUS
806,house 99,https://www.house99.co.uk,NOT
807,house of hounds,https://houseofhoundsshoes.com,SUS
808,howies,https://howies.co.uk,SUS
809,hub,https://hubshop.co.uk,NOT
810,hub footwear,https://hubfootwear.com,NOT
811,huez,https://huez.co.uk,NOT
812,huf,https://hufworldwide.com,NOT
813,hugo boss,https://hugoboss.com,NOT
814,human nature,https://humannatureshow.com,NOT
815,humanoid,https://shophumanoid.com,NOT
816,hummel,https://hummel.net,NOT
817,hummel hive,https://hummel.net/,NOT
818,hunter,https://hunterboots.com,NOT
819,hunza,https://hunzag.com,NOT
820,hurley,https://hurley.com,NOT
821,hush puppies,https://hushpuppies.com,NOT
822,huxley,https://huxleyandharper.com,SUS
823,hxtn supply,http://hxtnsupply.com,SUS
824,hymn,http://www.hymnlondon.com,SUS
825,högl,https://hoegl.com/en-us,NOT
826,i.am+,https://freshiam.net,NOT
827,iammozi,https://iammozi.com,SUS
828,iblues,https://gb.iblues.it,NOT
829,iceberg,http://iceberg.com,NOT
830,icebreaker,https://icebreaker.com,NOT
831,icepeak,https://icepeak.fi,NOT
832,ichi,https://ichi.biz,NOT
833,icon brand,https://iconbrand.com,NOT
834,ideal of sweden,https://idealofsweden.eu,NOT
835,iglo + indi,https://iglo-indi.myshopify.com/,SUS
836,iheart,https://iheartraves.com,NOT
837,ikks,https://ikks.com,NOT
838,ilse jacobsen,https://ilsejacobsen.com,NOT
839,in front,https://infrontwomen.dk,SUS
840,incase,https://incase.com,NOT
841,ind-berlin,https://ind-berlin.net,SUS
842,indah,https://indahclothing.com,NOT
843,indigenous,https://indigenous.com,SUS
844,indigo people,https://indigopeople.net,SUS
845,indikidual,https://indikidual.bigcartel.com/,SUS
846,inferno ragazzi,https://infernoragazzi.com,SUS
847,inkkas,https://inkkas.com,SUS
848,inov-8,https://inov-8.com,NOT
849,insane in the rain,https://insaneintherain.com,SUS
850,insecta,https://shopinsecta.com,SUS
851,instinct,http://instinctclothing.net,SUS
852,inti,https://intiknitwear.com,SUS
853,inuikii,https://inuikii.com,NOT
854,inuovo,https://inuovo.com,SUS
855,invito,https://invito.com,NOT
856,inwear,https://inwear.com,NOT
857,inyati,https://inyati.de,SUS
858,ion,https://ion-products.com,SUS
859,iphoria,https://iphoria.com,SUS
860,iriedaily,https://iriedaily.de,NOT
861,iro,https://iroparis.com,NOT
862,iron roots,https://ironroots.com,SUS
863,isabel marant,https://isabelmarant.com,NOT
864,ivko,https://ivko.com,NOT
865,ivy & oak,https://ivy-oak.com,SUS
866,ivyrevel,https://ivyrevel.com,NOT
867,izia,https://iziaclothing.com,NOT
868,j.crew,https://jcrew.com,NOT
869,j.lindeberg,https://jlindeberg.com,NOT
870,jacadi,https://jacadi.us,NOT
871,jacamo,https://www.jacamo.co.uk,NOT
872,jack & jones,https://jackjones.com,NOT
873,jack wills,https://www.jackwills.com,NOT
874,jack wolfskin,https://jack-wolfskin.com,SUS
875,jackalo,https://hellojackalo.com,SUS
876,jacky luxury,https://jackyluxury.com,NOT
877,jack´s sportswear,http://jackssportswear.com,NOT
878,jaded london,https://jadedldn.com/,SUS
879,jako,https://jako.ie,NOT
880,james nicholson,https://james-nicholson.de,SUS
881,james perse,https://jamesperse.com,NOT
882,james read,https://jamesreadtan.com,NOT
883,jan 'n june,https://jannjune.com,SUS
884,jan vanderstorm,https://janvanderstorm.de,SUS
885,jansport,https://jansport.com,NOT
886,jbc,https://jbc.be,NOT
887,jbl,https://jbl.com,SUS
888,jbriels,https://www.jbriels.com,SUS
889,jbs,http://www.jbsclothingcompany.com,SUS
890,jcsophie,https://jcsophie.nl,SUS
891,jdwilliams,https://jdwilliams.co.uk,NOT
892,jeep,https://jeep-outfitter.com,NOT
893,jeepers peepers,https://jeeperspeepers.co.uk,SUS
894,jeffery west,https://jeffery-west.co.uk,NOT
895,jeffrey campbell,https://jeffreycampbellshoes.com,NOT
896,jigsaw,https://jigsaw-online.com,NOT
897,jil sander,https://www.jilsander.com,SUS
898,jim rickey,https://jimrickey.com,NOT
899,jimmy choo,https://jimmychoo.com,NOT
900,jimmy lion,https://jimmylion.com,SUS
901,jo ghost,https://www.joghost.com,NOT
902,jockey,https://jockey.com,NOT
903,joe browns,https://joebrowns.co.uk,NOT
904,john richmond,https://johnrichmond.com,NOT
905,john w. shoes,https://johnwshoes.de,SUS
906,johnny romance,https://johnnyromance.fr,SUS
907,johnny urban,https://johnny-urban.com,SUS
908,johnnylove,https://johnnylove.com,SUS
909,johnstons of elgin,https://johnstonsofelgin.com,SUS
910,jollein,https://jollein.com,NOT
911,joma,https://joma-sport.com,NOT
912,jonak,https://jonak-paris.com,NOT
913,joop!,https://joop.com,NOT
914,josef seibel,https://josefseibel.co.uk,SUS
915,joseph,https://joseph-fashion.com,NOT
916,josjes,http://josjescloset.nl,SUS
917,jost,https://jost-bags.com,NOT
918,jott,https://justoverthetop.com/en/,NOT
919,jottum,https://jottum.com,NOT
920,juffrouw jansen,https://www.juffrouwjansen.com,SUS
921,juicy couture,https://juicycouture.com,NOT
922,julia otilia,https://juliaotilia.com,SUS
923,junarose,https://junarose.com,NOT
924,jungle sol,https://junglesolcollection.com,SUS
925,junk de luxe,https://junkdeluxe.com,SUS
926,just cavalli,https://justcavalli.com,NOT
927,just female,https://justfemale.com,SUS
928,just junkies,https://justjunkies.eu,NOT
929,justice,https://shopjustice.com,NOT
930,juvia,https://www.juvia.com,NOT
931,jyoti - fair works,https://jyoti-fairworks.org,SUS
932,k-swiss,https://kswiss.com,NOT
933,k-way,https://k-way.co.uk,NOT
934,k1x,https://shop.k1x.com,NOT
935,kaffe,https://kaffe-clothing.com,NOT
936,kaikkialla,https://kaikkialla.com,SUS
937,kaipara,https://kaipara.de,SUS
938,kalenji,https://kalenji.co.uk,NOT
939,kaliber fashion,https://kaliberfashion.com,SUS
940,kalso earth shoe,https://earthshoes.com/,SUS
941,kangaroos,https://kangaroos.com,NOT
942,kangol,https://kangol.com,NOT
943,kanjers,https://stichtingkanjersvoorkanjers.nl,NOT
944,kantala,https://kantalabrands.com,SUS
945,kaotiko,https://kaotikobcn.com,NOT
946,kappa,https://kappa-usa.com,NOT
947,kappahl,https://www.kappahl.com,NOT
948,kapten & son,https://kapten-son.com,SUS
949,karen millen,https://karenmillen.com,NOT
950,kari traa,https://karitraa.com,SUS
951,karl kani,https://karlkani.com,NOT
952,karl lagerfeld,https://karllagerfeldparis.com,NOT
953,karrimor,https://www.karrimor.com,NOT
954,kavat,https://kavat.com,SUS
955,kavu,https://kavu.com,SUS
956,kazmok,https://kazmok.com,SUS
957,keela,https://keela.co.uk,NOT
958,keen,https://keenfootwear.com,NOT
959,keep,https://keepcompany.com,NOT
960,kempa,http://kempa-sports.com,NOT
961,"kenneth cole
",https://kennethcole.com,SUS
962,kenzo,https://kenzo.com,NOT
963,kerbholz,https://kerbholz.com,SUS
964,key largo,https://keylargo-shop.de,NOT
965,khujo,https://khujo.com,NOT
966,khula,https://khulawear.com,SUS
967,kickers,https://kickers.com,NOT
968,kidscase,https://kidscase.com,SUS
969,kiezeltje,http://kiezeltje.nl,SUS
970,kik,http://kik-textilien.com,NOT
971,kik-kid,https://kik-kidwebshop.nl,NOT
972,killstar,https://killstar.com,NOT
973,killtec,https://killtec.de,SUS
974,king louie,https://kinglouie.nl,SUS
975,kings of indigo,https://kingsofindigo.com,SUS
976,kings will dream,https://kingswilldream.com,NOT
977,kipepeo clothing,https://kipepeo-clothing.com,SUS
978,kipling,https://kipling.com,NOT
979,kismet,https://kismetcollections.com,SUS
980,kitaro,https://www.kitaro.fashion,NOT
981,kite,https://kite-clothing.co.uk,SUS
982,kjelvik,http://kjelvik.nl,NOT
983,kjus,https://kjus.com,SUS
984,klean kanteen,https://kleankanteen.com,SUS
985,kleiderhelden,https://kleiderhelden.com/,SUS
986,kling,https://kling.es,SUS
987,kmart,https://kmart.com,NOT
988,knirps,https://knirps.de,NOT
989,knomo,https://knomo.com,SUS
990,know the origin,https://knowtheorigin.com,SUS
991,kokon zwo,https://kokonzwo.de,SUS
992,komodo,https://komodo.online,SUS
993,komono,https://komono.com,NOT
994,kookai,https://kookai.com.au,NOT
995,kowtow,https://kowtowclothing.com,SUS
996,kreafunk,https://kreafunk.com,SUS
997,krochet kids,https://krochetkids.org,SUS
998,kronstadt,https://kronstadt.dk,SUS
999,kurt geiger,https://kurtgeiger.com,NOT
1000,kuyichi,https://kuyichi.com,SUS
1001,kygo,https://www.kygolife.com,NOT
1002,l.credi,https://lcredi-munich.de,SUS
1003,l.k.bennett,https://lkbennett.com,NOT
1004,la ligna,https://laligna.nl,NOT
1005,la luna rose,https://lalunarose.com,SUS
1006,la martina,https://lamartina.com,NOT
1007,la queue du chat,https://laqueueduchat.com,SUS
1008,la sportiva,https://lasportiva.com,NOT
1009,lab pal zileri,https://labpalzileri.com,NOT
1010,labante,https://labante.co.uk,SUS
1011,lacoste,https://lacoste.com,NOT
1012,lafuma,https://lafuma.com,NOT
1013,lala berlin,https://lalaberlin.com,NOT
1014,laladoo,https://laladoo.nl,SUS
1015,lamborghini,https://lamborghinistore.com,NOT
1016,lamour est bleu,https://lamourestbleu.com,SUS
1017,lancel,https://lancel.com,NOT
1018,lands' end,https://landsend.com,NOT
1019,langbrett,https://langbrett.com,SUS
1020,langerchen,https://langerchen.com,SUS
1021,lanius,https://lanius.com,SUS
1022,lanvin,https://lanvin.com,NOT
1023,laona,https://laona.de,NOT
1024,larsson & jennings,https://larssonjennings.com,SUS
1025,lascana,https://lascana.com,NOT
1026,laundry industry,https://laundryindustry.com,NOT
1027,laura vita,http://lauravita.com,NOT
1028,laurel,https://laurel.de,NOT
1029,lavandera,http://lavanderabrand.com,SUS
1030,le big,https://lebig.com,NOT
1031,le coq sportif,https://lecoqsportif.com,NOT
1032,le cord,https://lecord.com,NOT
1033,le fix,https://le-fix.com,NOT
1034,le specs,https://lespecs.com,NOT
1035,le tanneur,https://letanneur.com,NOT
1036,le temps des cerises,https://letempsdescerises.com,NOT
1037,league collective,https://leaguecollective.co.uk,SUS
1038,lee,https://uk.lee.com,NOT
1039,lee cooper,https://leecooper.com,NOT
1040,leela cotton,https://leelacotton.de,SUS
1041,legends,https://legends.dk,NOT
1042,legero,https://legero.at/en/,NOT
1043,lemon jelly,https://lemonjelly.com,NOT
1044,lemon spicy,https://lemonspicysocial.com,SUS
1045,leonhard heyden,https://leonhard-heyden.com,SUS
1046,lerros,https://lerros.nl,NOT
1047,les deux,https://lesdeux.com,NOT
1048,les girls les boys,https://lesgirlslesboys.com,NOT
1049,les racines du ciel,https://les-racines-du-ciel.com,SUS
1050,levete room,https://leveteroom.com,SUS
1051,lexington,https://lexingtoncompany.com,NOT
1052,liebesglück,https://liebesglueck.masquare.de/,SUS
1053,liebeskind,https://int.liebeskind-berlin.com,NOT
1054,liger,https://thisisliger.com,NOT
1055,light boardcorp,https://lightboardcorp.com,SUS
1056,lika4kids,https://lika4kids.com,SUS
1057,lily and rose,https://lilyandrose.ie,NOT
1058,linamour,https://linamour.com,SUS
1059,lindbergh,https://lindberghfashion.com,NOT
1060,liquiproof,https://liquiproof.co.uk,NOT
1061,little green radicals,https://littlegreenradicals.co.uk,SUS
1062,little mistress,https://little-mistress.com,NOT
1063,liu jo,https://liujo.com,NOT
1064,livera,https://livera.nl,NOT
1065,liverpool jeans,https://liverpooljeans.com,NOT
1066,living crafts,https://livingcrafts.de,SUS
1067,loake,https://loake.co.uk,NOT
1068,loavies,https://loavies.com,NOT
1069,loenatix,https://loenatix.nl,SUS
1070,loints of holland,https://lointsofholland.com,SUS
1071,lola ramona,https://www.lolaramona.com,SUS
1072,long tall sally,https://longtallsally.com,NOT
1073,lonsdale,https://www.lonsdale.com,NOT
1074,loop.alife,https://loopalife.com,SUS
1075,lorna jane,https://lornajane.com.au,NOT
1076,lost ink,https://lost-ink.co.uk/,SUS
1077,lotika,https://lotika.nl,SUS
1078,lotto,https://lotto.it/eng/,NOT
1079,lotuscrafts,https://lotuscrafts.eu,SUS
1080,lousy livin,https://www.lousylivin.com,NOT
1081,love sofie,http://sofiebly.se,SUS
1082,love stories,https://lovestoriesintimates.com,NOT
1083,lovjoi,https://lovjoi.com,SUS
1084,lowa,https://lowaboots.com,NOT
1085,lowe alpine,https://lowealpine.com,NOT
1086,lucila kenny,http://lucilakenny.com,SUS
1087,lucky brand,https://luckybrand.com,NOT
1088,luhta,https://luhta.fi,NOT
1089,luke 1977,https://luke1977.com,NOT
1090,lumene,https://lumene.com,NOT
1091,lundhags,https://lundhags.com,NOT
1092,luxuar,https://luxuar-shop.com,NOT
1093,löffler,https://loeffler.at/en/,NOT
1094,löwengrip,https://lowengrip.com/,SUS
1095,maas natur,https://maas-natur.de,SUS
1096,maathai organic,https://maathaiorganic.com,SUS
1097,mac,https://mac-jeans.com/de-de/en-en,NOT
1098,macbeth,http://macbeth.com,NOT
1099,mackintosh,https://mackintosh.com,NOT
1100,madden,https://stevemadden.com,NOT
1101,madewell,https://madewell.com,NOT
1102,madness,https://madness-uk.myshopify.com,NOT
1103,madrista,https://madrista.nl,SUS
1104,mads nørgaard,https://madsnorgaard.com,NOT
1105,mae & ivy,https://maeandivy.com/,NOT
1106,mae sue,https://maesue.com,SUS
1107,magadi,https://magadi.de,SUS
1108,magicstripes,https://magicstripes.com,SUS
1109,magnanni,https://eu.magnanni.com/,NOT
1110,mainio,https://mainioclothing.com,SUS
1111,maison alfa,https://maisonalfa.com,SUS
1112,maium,https://maium.nl,SUS
1113,maje,https://uk.maje.com,NOT
1114,makia,https://makiaclothing.com,NOT
1115,mala collective,https://malacollective.com,SUS
1116,malawelt,https://malawelt.de,SUS
1117,malimo,https://malimo.co,SUS
1118,maloja,https://maloja.de,SUS
1119,malvin,https://malvin.de,NOT
1120,mamalicious,https://mamalicious.com,NOT
1121,mammut,https://mammut.com,NOT
1122,man cave,https://mancaveworkwear.com.au,NOT
1123,mandala,https://mandala-fashion.com,SUS
1124,manduka,https://manduka.com,SUS
1125,manfield,https://manfield.com,NOT
1126,manhattan portage,https://www.manhattanportage.co.uk,SUS
1127,mano,https://manomanoapparel.com,SUS
1128,manomama,https://manomama.de,SUS
1129,maqu,https://bymaqu.com,SUS
1130,maravillas bags,https://maravillas-bags.com,SUS
1131,marc cain,https://marc-cain.com,NOT
1132,marc jacobs,https://marcjacobs.com,NOT
1133,marc o'polo,https://marc-o-polo.com,NOT
1134,marco tozzi,https://marcotozzi.com,NOT
1135,marie jo,https://mariejo.com,NOT
1136,marie sixtine,https://marie-sixtine.com,NOT
1137,marika,https://marika.com,SUS
1138,marimekko,https://marimekko.com,NOT
1139,marjolein elisabeth,https://marjoleinelisabeth.com,SUS
1140,marlies dekkers,https://marliesdekkers.com,NOT
1141,marmot,https://marmot.com,SUS
1142,marni,https://marni.com,NOT
1143,marshall,https://www.marshallartist.co.uk,SUS
1144,marshall artist,https://marshallartist.co.uk,NOT
1145,martin natur,https://martin-natur.es,SUS
1146,masai,https://masai.net,NOT
1147,maska,https://maska.se,SUS
1148,mason's,https://masons.it,NOT
1149,master & dynamic,https://masterdynamic.com,NOT
1150,matalan,https://matalan.co.uk,NOT
1151,matinique,https://matinique.com,NOT
1152,matt & nat,https://mattandnat.com/,SUS
1153,max&co.,https://gb.maxandco.com,NOT
1154,maxomorra,https://maxomorra.com,SUS
1155,mayamiko,https://mayamiko.com,SUS
1156,maze,https://mazeclothing.co.uk,SUS
1157,mazine,https://mazine.de,SUS
1158,maitre charle,http://www.maitrecharle.com,NOT
1159,mbym,https://mbym-shop.com,NOT
1160,mcgregor,https://mcgregornewyork.com,NOT
1161,mcm,https://mcmworldwide.com,NOT
1162,meindl,https://www.meindl-fashions.de,NOT
1163,mela london,https://melalondon.com,NOT
1164,men's society,https://menssociety.com,SUS
1165,menil,http://menil.eu,SUS
1166,mennace,https://www.mennace.com,SUS
1167,merc,https://merc.com,NOT
1168,mercer amsterdam,https://merceramsterdam.com,NOT
1169,merijula,https://merijula.com,SUS
1170,merrell,https://merrell.com,NOT
1171,mexx,https://mexx.com,NOT
1172,mey,https://mey.com,NOT
1173,miansai,https://miansai.com,SUS
1174,michael kors,https://michaelkors.com,NOT
1175,michaelis,https://michaelis.eu,NOT
1176,mika,https://mikayogawear.com,SUS
1177,miko lolo,https://mikololo.com,SUS
1178,millet,https://millet-mountain.com,NOT
1179,millican,https://homeofmillican.com,SUS
1180,mimi & bart,https://mimiandbart.com/,SUS
1181,mimycri,https://mimycri.de,SUS
1182,minimum,https://minimumfashion.com,NOT
1183,minnetonka,https://minnetonkamoccasin.com,NOT
1184,minuit sur terre,http://minuitsurterre.com,SUS
1185,mipacha,https://mipacha.com,SUS
1186,misericordia,http://misionmisericordia.com,SUS
1187,miss candyfloss,http://miss-candyfloss.com,NOT
1188,miss etam,https://missetam.nl,NOT
1189,miss goodlife,https://miss-goodlife.de/,SUS
1190,miss green,https://missgreen.nl,SUS
1191,miss sixty,https://misssixty.com,NOT
1192,missoni,https://missoni.com,NOT
1193,miu miu,https://miumiu.com,NOT
1194,mizuno,https://mizuno.com,NOT
1195,mjus,https://mjus-shoes.com,NOT
1196,mly,https://mly.nl,SUS
1197,mmx,https://mmxgermany.com,NOT
1198,mo,https://mo-co.com,NOT
1199,mobo,https://mobosfashion.com,NOT
1200,modström,https://modstrom.com/en,NOT
1201,molo,https://molo.com,SUS
1202,moma,https://moma.org,NOT
1203,momoc,https://momocshoes.com,SUS
1204,monkee genes,https://monkeegenes.com,SUS
1205,monki,https://monki.com,SUS
1206,monnalisa,http://monnalisa.eu,NOT
1207,mons royale,https://monsroyale.com,SUS
1208,monsieur poulet,http://monsieurpoulet.com,SUS
1209,monsoon,https://uk.monsoon.co.uk,NOT
1210,mont blanc,https://montblanc.com,NOT
1211,monta juniors,https://montajuniors.com,SUS
1212,montane,https://montane.co.uk,NOT
1213,montura,https://www.monturastore.com,NOT
1214,moon boot,https://moonboot.nl/,NOT
1215,moran,https://sophiemoran.com,SUS
1216,more & more,https://more-and-more.de,NOT
1217,moreschi,https://moreschi.it,NOT
1218,morethanhip,https://morethanhip.com,SUS
1219,morgan de toi,http://morgandetoi.co.uk,NOT
1220,morotai,https://morotai.de,NOT
1221,morris,https://www.philipmorrisdirect.co.uk,NOT
1222,mos mosh,https://mosmosh.com,NOT
1223,moschino,https://www.moschino.com,NOT
1224,moss copenhagen,https://mosscopenhagen.com,NOT
1225,motel,https://motelrocks.com,NOT
1226,mother,https://motherdenim.com,NOT
1227,mountain equipment,https://mountain-equipment.co.uk,NOT
1228,moves,https://movesshop.com,NOT
1229,mr bear family,https://mrbearfamily.com,SUS
1230,mr. manchette,https://mrmanchette.be,SUS
1231,mrp,https://mrp.com,SUS
1232,ms mode,https://msmode.nl,NOT
1233,ms. bay,https://ms-bay.com,SUS
1234,msgm,https://msgm.it,NOT
1235,muchachomalo,https://muchachomalo.com,NOT
1236,mud jeans,https://mudjeans.eu,SUS
1237,mudd & water,https://muddandwater.com/,SUS
1238,mufflon,https://mufflon.com,SUS
1239,muji,https://muji.eu,NOT
1240,muki,https://mukistore.com,NOT
1241,mum & co,https://mumand.co/,SUS
1242,mustang,http://uk.mustang-shoes.eu,NOT
1243,mwm,https://modwavemovement.com/,NOT
1244,my magic mud,https://mymagicmud.com,SUS
1245,mymarini,https://mymarini.com,SUS
1246,mymo,https://mymoshop.de,SUS
1247,myomy,https://myomydogoods.com,SUS
1248,mywalit,https://mywalit.com,SUS
1249,na-kd,https://na-kd.com,SUS
1250,nadadelazos,https://nadadelazos.com,SUS
1251,nae vegan,https://nae-vegan.com,SUS
1252,naf naf,https://nafnaf.com,NOT
1253,name it,https://nameit.com,NOT
1254,nanga,https://nanga.jp,SUS
1255,nanso,https://nansocanada.com,NOT
1256,naomi rachel timan,https://naomiracheltiman.com,SUS
1257,napapijri,https://napapijri.com,NOT
1258,nasty gal,https://nastygal.com,NOT
1259,nat-2,https://nat-2.eu/,SUS
1260,nathalie vleeschouwer,https://nathalievleeschouwer.be,SUS
1261,national geographic,https://shop.nationalgeographic.com,NOT
1262,native shoes,https://nativeshoes.com,SUS
1263,native souls,https://nativesouls.de,SUS
1264,native youth,https://native-youth.com,SUS
1265,natura,https://naturaselection.com,NOT
1266,naturalmente,https://naturalmente-fashion.de,SUS
1267,natureally,http://www.natureally.eu,SUS
1268,naturtex,https://naturtex.es,SUS
1269,nautica,https://nautica.com,NOT
1270,navyboot,https://navyboot.com,NOT
1271,nefertiti workshop,https://nefertitiworkshop.com,SUS
1272,neil barrett,https://neilbarrett.com,NOT
1273,neon moon,https://neonmoon.co,SUS
1274,neuw,https://neuwdenim.com,NOT
1275,new balance,https://newbalance.com,NOT
1276,new era,https://neweracap.com,NOT
1277,new look,https://newlook.com,NOT
1278,new yorker,https://newyorker.de,NOT
1279,newline,https://newlinesport.com,SUS
1280,newton,https://newtonapparel.com,SUS
1281,next,https://nextdirect.com,NOT
1282,nhncd,https://nhncd.nl,SUS
1283,nialaya,https://nialaya.com,NOT
1284,nicce,https://nicceclothing.com,SUS
1285,nice things,https://nicethingspalomas.com,NOT
1286,nice to meet me,https://nicetomeetme.at,SUS
1287,nidecker,https://nidecker.com,NOT
1288,nife,http://www.nife.polfirms.com,NOT
1289,night addict,https://nightaddict.com,NOT
1290,nightire,https://nightire.com,SUS
1291,nightswim,https://nightswimbrand.com,SUS
1292,nii,https://niihai.com,SUS
1293,nike,https://nike.com,SUS
1294,nine to five,https://ninetofive.biz,SUS
1295,nine west,https://ninewest.com,NOT
1296,nisolo,https://nisolo.com,SUS
1297,nitro,https://nitrousa.com,SUS
1298,nitrobags,https://nitrobags.com,SUS
1299,nixon,https://nixon.com,NOT
1300,niyama,https://niyamasol.com,SUS
1301,nn07,https://nn07.com,NOT
1302,no nasties,https://nonasties.in,SUS
1303,no. 1 como,https://no1como.com,NOT
1304,noah,https://noahny.com,SUS
1305,nobis,https://nobis.com,NOT
1306,nobrand,https://nobrand.pt,NOT
1307,noclaim,https://noclaimlifestyle.com,NOT
1308,noire line,https://noireline.com/,NOT
1309,noisy may,https://noisymay.com,NOT
1310,nooboo,https://nooboo.co,SUS
1311,nordcap,https://nordcap-sport.com,NOT
1312,nordgreen,https://nordgreen.com,SUS
1313,nordstrom,https://nordstrom.com,NOT
1314,nordwarts,https://nordwarts.de,SUS
1315,norr,http://norrofficial.com,SUS
1316,north 56°4,https://north56-4.com,SUS
1317,northskull,https://northskull.com,NOT
1318,nosh,https://nosh.fi,NOT
1319,noumenon,https://nou-menon.com,SUS
1320,nowa,https://nowathelabel.com,SUS
1321,nowadays,https://nowadays.com,SUS
1322,nudie jeans,https://nudiejeans.com,SUS
1323,nukleus,https://nukleusshop.com,SUS
1324,nulla nomen,http://www.nullanomen.com,SUS
1325,nurmi,https://nurmiclothing.com,SUS
1326,nuuwaï,https://nuuwai.de,SUS
1327,näz,https://naz.pt/,SUS
1328,o my bag,https://omybag.nl,SUS
1329,o'neill,https://oneill.com,NOT
1330,oakley,https://oakley.com,NOT
1331,oakwood,https://oakwood.fr,NOT
1332,oas,https://oascompany.com,NOT
1333,object,https://objectci.com,NOT
1334,odd molly,https://oddmolly.com,NOT
1335,odlo,https://odlo.com,NOT
1336,office,https://office.co.uk,NOT
1337,oger,https://oger.nl,NOT
1338,ognx,https://ognx.com,SUS
1339,ohmme,https://ohmme.com,SUS
1340,oilily,https://oilily.com,NOT
1341,ok yo,https://okyo.fashion,NOT
1342,okaidi,https://www.okaidi.com,NOT
1343,oldskull,https://oldskullstore.com,SUS
1344,oliberté,https://oliberte.com,SUS
1345,olive,https://oliveclothing.com,NOT
1346,oliveda,https://www.oliveda.com,NOT
1347,olly,https://ollyltd.com/,SUS
1348,olymp,https://olymp.com,NOT
1349,on,https://on-running.com,NOT
1350,one teaspoon,https://oneteaspoon.com.au,SUS
1351,one we like,https://onewelike.com,SUS
1352,onepiece,https://onepiece.com,SUS
1353,onitsuka tiger,https://onitsukatiger.com,NOT
1354,only,https://only.com,NOT
1355,onno,https://onno.com,SUS
1356,ontour,https://ontour.nl,NOT
1357,onzie,https://onzie.com,SUS
1358,oodzy,https://oodzy.com,SUS
1359,oosc,https://oosc-clothing.com,NOT
1360,opposuits,https://opposuits.com,NOT
1361,orchestra,https://shop-orchestra.com,NOT
1362,orelia,https://orelia.co.uk,SUS
1363,organic basics,https://organicbasics.com,SUS
1364,organic cotton colours,https://organiccottoncolours.shop,SUS
1365,organic tagua jewelry,https://organictaguajewelry.com,SUS
1366,organication,https://organication.de,SUS
1367,origem,https://origem.pt,SUS
1368,original penguin,https://originalpenguin.com,NOT
1369,orsay,https://orsay.com,NOT
1370,osier,https://osier.studio,SUS
1371,osiris,https://osirisshoes.com,NOT
1372,oska,https://oska.com,SUS
1373,osprey,https://www.ospreylondon.com,NOT
1374,ouai,https://theouai.com,NOT
1375,oui,https://www.oui.com,SUS
1376,our legacy,https://ourlegacy.se,NOT
1377,outcome,https://outcomeclothing.com,SUS
1378,outdoor research,https://outdoorresearch.com,NOT
1379,outerknown,https://outerknown.com,NOT
1380,ovs,https://ovsfashion.com,NOT
1381,oxbow,https://oxbowshop.com,NOT
1382,oysho,https://oysho.com,NOT
1383,p d paola,https://pdpaola.com,NOT
1384,packmack,https://packmack.org,SUS
1385,pact,https://wearpact.com,SUS
1386,paddock's,https://paddocks-jeans.de,SUS
1387,pajar,https://pajar.com,NOT
1388,palladium,https://palladiumboots.com,NOT
1389,palmers,https://palmers.gr,SUS
1390,panama jack,https://panamajack.com,NOT
1391,panda,https://pandaclothing.co.za,SUS
1392,pants to poverty,https://pants2poverty.wordpress.com/about/,SUS
1393,papajarocks,https://papajarocks.com,SUS
1394,paprika,https://paprika-shopping.nl,NOT
1395,papu stories,https://papustories.com,SUS
1396,para mi,https://para-mi.com,SUS
1397,park authority,http://park-authority.com/,SUS
1398,part two,https://parttwo.com,NOT
1399,passionata,https://passionata.com,NOT
1400,patagonia,https://patagonia.com,SUS
1401,patrizia pepe,https://patriziapepe.com,NOT
1402,paul green,https://www.paulgreen-shop.de,SUS
1403,paul smith,https://www.paulsmith.com,SUS
1404,pavement,https://pavementbrands.com,NOT
1405,peak performance,https://peakperformance.com,NOT
1406,pearl izumi,https://pearlizumi.com,NOT
1407,pegador,https://pegadorfashion.com,NOT
1408,penfield,https://penfield.com,NOT
1409,penn,https://pennlifestyle.com,SUS
1410,people tree,https://peopletree.co.uk,SUS
1411,people wear organic,https://peoplewearorganic.de,SUS
1412,pep,https://www.pepandco.com,SUS
1413,pepavana,https://pepavana.com,SUS
1414,pepe jeans,https://pepejeans.com,NOT
1415,percy nobleman,https://percynobleman.com,SUS
1416,pestle & mortar,https://pestlemortarclothing.com,SUS
1417,peter england,https://peterengland.com,NOT
1418,peter hahn,https://peterhahn.co.uk,NOT
1419,peter kaiser,https://peterkaiser.co.uk,NOT
1420,peter thomas roth,https://peterthomasroth.com,NOT
1421,petit bateau,https://petit-bateau.co.uk,NOT
1422,petrol industries,https://petrolindustries.com,NOT
1423,peuterey,https://peuterey.com,SUS
1424,phil + lui,https://phil-and-lui.de/,SUS
1425,phyne,https://phyne.com,SUS
1426,piazza italia,https://piazzaitalia.it,NOT
1427,picard,https://picard-lederwaren.de,NOT
1428,piccalilly,https://piccalilly.co.uk,SUS
1429,picopoc,https://picopoc.com,SUS
1430,pieces,https://pieces.com,NOT
1431,pierre cardin,https://pierrecardin.com,NOT
1432,pigeon organics,https://pigeonorganics.com,SUS
1433,pike brothers,https://pikebrothers.com,SUS
1434,pikolinos,https://pikolinos.com,NOT
1435,pilgrim,https://pilgrimclothing.com.au,NOT
1436,pill,https://pillapparel.com/,SUS
1437,pina studio,https://pina.studio,SUS
1438,pinned by k,https://pinnedbyk.com,SUS
1439,pinqponq,https://pinqponq.com,SUS
1440,pioneer ,https://pioneerclothingco.com/,NOT
1441,piquadro,https://piquadro.com,NOT
1442,piwari,https://piwari.com,SUS
1443,pixie,https://pixiemarket.com,SUS
1444,plae,https://plae.co,SUS
1445,please,https://pleasefashion.com,NOT
1446,plein sport,https://pleinsport.com,NOT
1447,plevier,https://plevierbusinessbags.com,SUS
1448,plotz,http://plotz.co,SUS
1449,po-zu,https://po-zu.com,SUS
1450,poc,https://pocsports.com,NOT
1451,polarn o. pyret,https://polarnopyret.co.uk,NOT
1452,polaroid originals,https://polaroidoriginals.com,NOT
1453,poler,https://polerstuff.com,NOT
1454,police,https://883police.com,NOT
1455,polo ralph lauren,https://ralphlauren.com/,NOT
1456,pony,https://pony.com,NOT
1457,pop copenhagen,http://popcopenhagen.com,NOT
1458,popolini,https://popolini.com,SUS
1459,popupshop,http://popupshop.com,SUS
1460,porsche design,https://porsche-design.com,SUS
1461,prada,https://prada.com,NOT
1462,prana,https://prana.com,SUS
1463,pretty ballerinas,https://prettyballerinas.com,NOT
1464,pretty green,https://prettygreen.com,NOT
1465,prima moda,http://primamodausa.com,SUS
1466,primadonna,https://primadonna.com.gr,NOT
1467,princesse tam tam,https://princessetamtam.com,NOT
1468,pro-keds,https://prokeds.com,NOT
1469,profuomo,https://profuomo.com,NOT
1470,project cece,https://projectcece.nl,SUS
1471,project x paris,https://projectxparis.com,NOT
1472,promiss,https://promiss.nl,NOT
1473,promod,https://promod.eu,NOT
1474,proof eyewear,https://iwantproof.com/,SUS
1475,protest,https://protest.eu,NOT
1476,public,https://publicrec.com,SUS
1477,pukas,https://pukassurf.com,NOT
1478,pull&bear,https://pullandbear.com/gb/,NOT
1479,puma,https://eu.puma.com,SUS
1480,punto pigro,http://puntopigro.it,SUS
1481,purdey,https://purdey.com,NOT
1482,pure sportswear,https://puresportswear.nl,SUS
1483,pyrenex,https://pyrenex.com,NOT
1484,pyua,https://pyua.eu,SUS
1485,qnoop,https://qnoop.com,SUS
1486,quay australia,https://quayaustralia.com,NOT
1487,quazi design,https://quazidesign.com,SUS
1488,quechua,https://quechua.co.uk,NOT
1489,quetzal artisan,https://quetzalartisan.com,SUS
1490,quiksilver,https://quiksilver.com,NOT
1491,r-collection,https://r-collection.com,NOT
1492,r. m. williams,https://rmwilliams.com.au,NOT
1493,rab,https://rab.equipment,NOT
1494,rag & bone,https://rag-bone.com,NOT
1495,ragdoll la,https://ragdoll-la.com,NOT
1496,ragwear,https://ragwear.com,NOT
1497,rains,https://rains.com,SUS
1498,rakha,https://rakha.co.uk,SUS
1499,ralph lauren,https://ralphlauren.co.uk,NOT
1500,rapha,https://rapha.cc,SUS
1501,raspberry republic,http://raspberryrepublic.pl,SUS
1502,rawrow,http://rawrow.com,NOT
1503,ray musgo,https://raymusgo.com,SUS
1504,ray-ban,https://ray-ban.com,NOT
1505,re.draft,http://www.redraft-clothing.com,NOT
1506,rebel heritage,https://rebel-heritage.com,NOT
1507,recipe for men,http://recipeformen.com,SUS
1508,recolution,https://recolution.de,SUS
1509,red fox,https://redfoxoutdoor.com,NOT
1510,redefined rebel,https://redefinedrebel.com,SUS
1511,redskins,https://redskins.fr,SUS
1512,reebok,https://reebok.com,NOT
1513,reef,https://reef.com,NOT
1514,reell,https://reelljeans.com,NOT
1515,reformation,https://thereformation.com,NOT
1516,refresh,https://refreshclothing.ca,SUS
1517,regatta,https://regatta.com,NOT
1518,rehab footwear,https://rehabfootwear.com,NOT
1519,reima,https://reima.com,NOT
1520,reiss,https://reiss.com,NOT
1521,religion,https://religionclothing.com,NOT
1522,repeat,https://repeatcashmere.com,NOT
1523,replay,https://replayjeans.com,NOT
1524,resonature,https://resonaturebrand.com/,SUS
1525,resteröds,https://resterods.com/en,NOT
1526,retour,https://retourjeans.com,NOT
1527,retrostiel,https://www.retrostiel.de,SUS
1528,retrosuperfuture,https://retrosuperfuture.com,SUS
1529,reusch,https://www.reusch.com,SUS
1530,review,https://review-australia.com,NOT
1531,rewrap,http://rewrap.eu,SUS
1532,rhumaa,https://rhumaa.com,SUS
1533,rianne de witte,https://riannedewitte.com,SUS
1534,rice,https://thericeco.com/en_en/,SUS
1535,richter,http://richtergoods.com,NOT
1536,rieker,https://rieker.co.uk,NOT
1537,rinascimento,https://rinascimento.com,NOT
1538,rino & pelle,https://rino-pelle.com,NOT
1539,rip curl,https://ripcurl.com,NOT
1540,risa,https://therisacollection.com,SUS
1541,rita row,https://ritarow.com,SUS
1542,rittrshaus,https://rittrshaus.com,SUS
1543,river island,https://www.riverisland.com,NOT
1544,riverwoods,https://riverwoods.net,NOT
1545,rivieras,https://rivieras.com,NOT
1546,roberto cavalli,https://robertocavalli.com,NOT
1547,roberto collina,https://robertocollina.com,NOT
1548,rock star baby,https://rockstarbaby.com,NOT
1549,rockamora,http://rockamora.de,SUS
1550,rodial,https://rodial.co.uk,NOT
1551,rohde,http://christinarohde.dk,SUS
1552,rokà,https://www.roka.com,SUS
1553,rombaut,https://rombaut.myshopify.com,SUS
1554,ron dorff,https://rondorff.com,NOT
1555,roosevelt,https://rooseveltandco.com,SUS
1556,roots,https://roots.com,SUS
1557,rosemunde,https://rosemunde.com,NOT
1558,rosenstaub,https://rosenstaub.com,NOT
1559,rosental organics,https://rosental.de/,SUS
1560,roxy,https://roxy.com,NOT
1561,royal bamboo,https://royalbamboo.com,SUS
1562,royal blush,https://royalblushapparel.com,SUS
1563,royal robbins,https://royalrobbins.com,NOT
1564,rubymoon,https://rubymoon.org.uk,SUS
1565,rue de femme,https://ruedefemme.com,SUS
1566,rukka,http://rukka.com,NOT
1567,rumble,https://rumbleapparel.com,SUS
1568,russell athletic,https://russellathletic.com,NOT
1569,rusty,https://rusty.com,NOT
1570,rvca,https://rvca.com,NOT
1571,rvlt,https://rvlt.com,SUS
1572,s.oliver,https://soliver.eu,NOT
1573,sabahar,https://sabahar.com,SUS
1574,sabo skirt,https://saboskirt.com,NOT
1575,sacha,https://sachadrake.com,NOT
1576,sail racing,https://sailracing.com,NOT
1577,sailmate,https://sailmate.eu,SUS
1578,saint basics,https://saintbasics.com,SUS
1579,saint tropez,https://sainttropez.com,NOT
1580,salamander,https://blacksalamander.com,SUS
1581,salewa,https://salewa.com,SUS
1582,salming,http://salming.com,NOT
1583,salomon,https://salomon.com,NOT
1584,salzen,https://salzen.com,SUS
1585,samsonite red,http://samsonitered.com,NOT
1586,sandmade,https://sandmade-desertdesign.de,SUS
1587,sandqvist,https://sandqvist.com,SUS
1588,sandro,https://us.sandro-paris.com,NOT
1589,sandwich,https://sandwichfashion.nl,NOT
1590,sanetta,https://sanetta-group.com,NOT
1591,sanuk,https://sanuk.com,NOT
1592,sapph,https://sapph.com,NOT
1593,sarah pacini,https://sarahpacini.com,NOT
1594,sasta,https://sasta.fi,NOT
1595,saucony,https://saucony.com,NOT
1596,savotta,https://finn-savotta.fi,SUS
1597,scapa,https://scapaworld.com,NOT
1598,scapino,https://scapino.nl,NOT
1599,scarpa,https://scarpa.com,NOT
1600,schiesser,https://schiesser.com,NOT
1601,schmuddelwedda,https://schmuddelwedda.de,NOT
1602,schott,https://www.schottnyc.com,NOT
1603,scoredraw,https://scoredraw.com,NOT
1604,scot,https://scottsmenswear.com,SUS
1605,scotch & soda,https://scotch-soda.com,NOT
1606,sea to summit,https://seatosummit.com,SUS
1607,seafolly,https://seafolly.com,NOT
1608,seasalt cornwall,https://seasaltcornwall.co.uk,SUS
1609,sebago,https://sebago-usa.com,NOT
1610,second female,https://secondfemale.com,NOT
1611,seeyou,http://www.iseeyoucollection.co.uk,NOT
1612,seidensticker,https://seidensticker.com,NOT
1613,selected,https://selected.com,NOT
1614,senmotic,https://senmotic-shoes.com,SUS
1615,serge denimes,https://sergedenimes.com,NOT
1616,serge pariente,https://sergepariente.com,NOT
1617,sergio tacchini,https://sergiotacchini.com,NOT
1618,sessun,https://sessun.com,NOT
1619,sexysocks,https://sexysockssa.com,SUS
1620,shabbies amsterdam,https://shabbiesamsterdam.com,NOT
1621,shan rahimkhan,https://shanrahimkhan.com,NOT
1622,shaveworks,https://getshaveworks.com/,NOT
1623,shepherd,https://shepherdsfashions.com,NOT
1624,shimano,https://bike.shimano.com,NOT
1625,shine original,https://shineoriginal.com,NOT
1626,shirt by hand,https://shirtbyhand.nl,SUS
1627,shisha,https://shishabrand.com,SUS
1628,shoe the bear,https://shoethebear.us,NOT
1629,shoemates,https://shoemates.de,SUS
1630,shoepassion,https://shoepassion.com,NOT
1631,shoesme,https://shoesme.nl,SUS
1632,sidai designs,http://sidaidesigns.com,SUS
1633,siksilk,https://siksilk.com,SUS
1634,silfir,https://silfir.com,SUS
1635,silvio tossi,https://www.silviotossi.com,NOT
1636,simclan,https://simclan.de,SUS
1637,sinners attire,https://sinnersattire.com,NOT
1638,sinweaver,https://sinweaver.com,SUS
1639,sisley,https://gb.sisley.com,NOT
1640,sissel edelbo,https://sissel-edelbo.dk,SUS
1641,sissy-boy,https://sissy-boy.com,NOT
1642,sisters point,https://sisterspoint.com,NOT
1643,sixth june,https://sixthjune.com,NOT
1644,sixtyninety,https://sixtyninety.co.uk,SUS
1645,sixtyseven,https://sixtyseven.es,NOT
1646,siyana london,http://siyanalondon.com,SUS
1647,skagen,https://www.skagen.com,NOT
1648,skandinavisk,https://skandinavisk.com,SUS
1649,skechers,https://skechers.com,NOT
1650,skiny,https://skiny.com,SUS
1651,skot,https://skotfashion.com,SUS
1652,skullcandy,https://skullcandy.eu,NOT
1653,slazenger,https://store.slazenger.com,NOT
1654,slippely,https://slippely.nl,SUS
1655,sloggi,https://sloggi.com,NOT
1656,slugs and snails,http://slugsandsnails.ie,SUS
1657,slydes,https://slydes.com,NOT
1658,smafolk,https://smafolk.dk,SUS
1659,smilodox,https://smilodox.com,NOT
1660,smith optics,https://smithoptics.com,SUS
1661,sneaky steve,https://sneakysteve.com,NOT
1662,snipe,https://snipes.nl,SUS
1663,so cosi,https://socosi.de,SUS
1664,soaked in luxury,https://soakedinluxury.com,NOT
1665,society,https://societysport.co.uk,SUS
1666,sofie schnoor,http://sofieschnoorwebshop.com,SUS
1667,soft gallery,https://softgallery.dk,SUS
1668,sogoodtowear,https://sogoodtowear.com,SUS
1669,sole rebels,https://solerebels.com,SUS
1670,solitude the label,https://solitudethelabel.nl,SUS
1671,soma,https://soma.com,NOT
1672,someone,https://someone-kids.be,SUS
1673,somewhere,https://somewherenowhere.net,SUS
1674,sooth munich,https://soothmunich.de,SUS
1675,sorel,https://sorel.com,NOT
1676,soulbottles,https://soulbottles.de,SUS
1677,soulland,https://soulland.com,NOT
1678,soulstar,https://soulstarclothing.com,NOT
1679,sourpuss,https://sourpussclothing.com,NOT
1680,soxs,https://soxs.co/en,SUS
1681,soyaconcept,https://soyaconcept.com,NOT
1682,spanx,https://spanx.com,NOT
1683,sparkz,https://sparkz-copenhagen.com,NOT
1684,speedo,https://speedo.com,NOT
1685,sperry,https://www.sperry.com,NOT
1686,spikes & sparrow,https://spikesandsparrow.com/,SUS
1687,spiral,https://spiraldirect.com,NOT
1688,spm,http://www.spmshoesandboots.com,NOT
1689,sprekenhus,https://sprekenhus.com/en/,SUS
1690,springfield,https://myspringfield.com,SUS
1691,spykar,https://spykar.com,NOT
1692,sseko,https://ssekodesigns.com,SUS
1693,stance,https://stance.com,NOT
1694,stanley & stella,https://stanleystella.com,SUS
1695,starter,https://starter.com,NOT
1696,state of elevenate,https://elevenate.com/,NOT
1697,stella mccartney,https://stellamccartney.com,SUS
1698,steps,https://steps.nl,NOT
1699,steve madden,https://stevemadden.com,NOT
1700,stighlorgan,https://stighlorgan.com,SUS
1701,still nordic,https://stillnordic.com,SUS
1702,stockerpoint,https://stockerpoint.de,SUS
1703,stone island,https://stoneisland.com,NOT
1704,stop the water while using me!,https://stop-the-water-while-using-me.com/en/,SUS
1705,storm & marie,https://stormandmarie.com/,SUS
1706,stratic,https://stratic.de,NOT
1707,strellson,https://strellson.com,NOT
1708,strick amsterdam,http://strickamsterdam.nl,SUS
1709,studio jux,https://studiojux.com,SUS
1710,studio myr,http://studiomyr.com,SUS
1711,studiorundholz,http://studiorundholz.com,SUS
1712,stussy,https://stussy.com,SUS
1713,sublevel,https://sublevel.de,SUS
1714,suit,https://suit.dk,NOT
1715,suitsuit,https://suitsuit.com,NOT
1716,summum,https://summumwoman.com,NOT
1717,sunad,https://sunad.es,SUS
1718,sunheroes,http://sunheroes.nl/,SUS
1719,superfit,https://superfitapparel.com,SUS
1720,superga,https://superga.co.uk,NOT
1721,supermegaflex,https://supermegaflex.com,SUS
1722,superstainable,https://superstainable.com,SUS
1723,supra,https://suprafootwear.com,NOT
1724,supré,https://supre.com.au,NOT
1725,suri frey,https://surifrey.com,NOT
1726,swatch,https://swatch.com,NOT
1727,sweaty betty,https://sweatybetty.com,NOT
1728,swedish stockings,https://swedishstockings.com,SUS
1729,sweet deluxe,https://sweet-deluxe.de,NOT
1730,sweet sktbs,http://sweetsktbs.com,SUS
1731,sweetlegs,https://sweetlegs.com,NOT
1732,swegmark,https://swegmark.com,SUS
1733,swims,https://swims.com,NOT
1734,swing,https://swingfashion.pl,NOT
1735,swiss military,http://swissmilitary.ch,SUS
1736,sylvia calvo,https://sylviacalvobcn.com,SUS
1737,syou,https://syou.com,SUS
1738,t.m.lewin,https://tmlewin.com,NOT
1739,t.u.k.,https://tukshoes.com,NOT
1740,taiga,https://taigaworks.ca,SUS
1741,tailor store,https://tailorstore.com,SUS
1742,take-two,http://taketwoclo.com,NOT
1743,takko,https://takko.com,NOT
1744,tally weijl,https://tally-weijl.com,NOT
1745,talula,https://talulah.com.au,NOT
1746,tamaris,https://tamaris.com,NOT
1747,tante betsy,https://tantebetsy.com,NOT
1748,tao & friends,https://taoandfriends.com/,SUS
1749,tateossian,https://tateossian.com,SUS
1750,tatonka,https://tatonka.com,SUS
1751,tawast,https://tawastclothing.com,SUS
1752,ted baker,https://tedbaker.com,SUS
1753,teddy smith,https://teddy-smith.com,SUS
1754,teiruma,http://teiruma.com,SUS
1755,tenaya,https://tenaya.net,NOT
1756,tenson,https://tenson.com,NOT
1757,ternua,https://ternua.com,NOT
1758,terre bleue,https://terrebleue.com,NOT
1759,terstal,https://terstal.nl,NOT
1760,teva,https://teva.com,NOT
1761,teym,https://teym.eu,SUS
1762,tezenis,https://tezenis.com,NOT
1763,tfnc,https://tfnclondon.com,NOT
1764,the bonnie mob,https://thebonniemob.com,SUS
1765,the bridge,https://thebridge.it,SUS
1766,the driftwood tales,https://thedriftwoodtales.com,SUS
1767,the editor,http://theeditor.it,NOT
1768,the glitter tribe,https://theglittertribe.com.au,SUS
1769,the kooples,https://thekooples.com,NOT
1770,the library of fragrance,https://thelibraryoffragrance.eu,NOT
1771,the nordic leaves,https://thenordicleaves.com,SUS
1772,the north face,https://thenorthface.com,NOT
1773,the nude label,https://thenudelabel.com,SUS
1774,the organic compan,https://theorganiccompany.dk,SUS
1775,the ragged priest,https://theraggedpriest.com,NOT
1776,the rice co.,https://thericeco.com,SUS
1777,the souks,https://thesouks.nl,SUS
1778,theory,https://theory.com,NOT
1779,think!,http://collection.thinkshoes.com/en/home,SUS
1780,think! shoes,http://thinkshoes.com,NOT
1781,thinking mu,http://thinkingmu.com,SUS
1782,thinx,https://shethinx.com,SUS
1783,thomas clipper,https://thomasclipper.com,SUS
1784,thomas sabo,https://thomassabo.com,NOT
1785,thule,https://thule.com,NOT
1786,tiffosi,https://tiffosi.com,NOT
1787,tiger of sweden,https://tigerofsweden.com,NOT
1788,tigha,https://tigha.com,SUS
1789,tigi,https://tigiwear.com,NOT
1790,timberland,https://timberland.com,NOT
1791,timeboo,https://timeboo.eu,SUS
1792,timex,https://timex.com,NOT
1793,tiralahilacha,https://tiralahilacha.com,SUS
1794,titan,https://titan.clothing,SUS
1795,tma,https://tmawear.com,SUS
1796,tmt,https://themoneyteam.com/,NOT
1797,tojtoj,https://tojtoj.nl,SUS
1798,tom ford,https://tomford.com,NOT
1799,tom tailor,https://tom-tailor.eu,NOT
1800,tommy hilfiger,https://uk.tommy.com/,NOT
1801,toms,https://toms.com,SUS
1802,toni & guy,https://shoptoniguy.com,NOT
1803,toni sailer,https://tonisailer.com,NOT
1804,tonsure,https://tonsure.eu,SUS
1805,topman,https://topman.com,NOT
1806,topshop,https://topshop.com,NOT
1807,torrid,https://torrid.com,NOT
1808,torstai,https://torstai.com,NOT
1809,tory burch,https://www.toryburch.co.uk,NOT
1810,tramontana,http://tramontana.eu,NOT
1811,trangoworld,https://trangoworld.com,NOT
1812,tranquillo,https://tranquillo-shop.de,SUS
1813,trashki,https://trashki.pl,SUS
1814,travelite,https://travelite.org,SUS
1815,triangle,https://trianglestore.co.uk,NOT
1816,trigema,https://trigema.de,SUS
1817,triple2,http://triple2.co.uk,SUS
1818,trippen,https://trippen.com,SUS
1819,triumph,https://triumphmotorcycles.co.uk,NOT
1820,troo,https://troo.ch,SUS
1821,true decadence,https://truedecadence.com,NOT
1822,true religion,https://truereligion.com,NOT
1823,trueprodigy,https://trueprodigy.de,NOT
1824,tulsi crafts,https://tulsicrafts.nl,SUS
1825,tumble 'n dry,https://tumblendry.com,NOT
1826,turtle bags,https://turtlebags.co.uk,SUS
1827,tweezerman,https://tweezerman.com,NOT
1828,twisted tailor,https://twistedtailor.com,NOT
1829,twothirds,https://twothirds.com,SUS
1830,u.s. polo assn.,https://uspoloassn.com,NOT
1831,ubuntu-wear,https://ubuntu-wear.com,SUS
1832,ucon acrobatics,https://ucon-acrobatics.com,SUS
1833,ugg,https://ugg.com,NOT
1834,uhlsport,https://uhlsport.com,NOT
1835,uli schott,https://ulischott.de,SUS
1836,ulla popken,https://ullapopken.com,NOT
1837,ulsto,https://ulsto.de,SUS
1838,ultimate direction,https://ultimatedirection.com,NOT
1839,ultra tee,https://ultra-tee.com/,SUS
1840,umbro,https://umbro.com,NOT
1841,umiwi,https://umiwi.info,SUS
1842,under armour,https://underarmour.nl,NOT
1843,under the same sun,https://www.underthesamesun.se,SUS
1844,underprotection,https://underprotection.dk,SUS
1845,unica,http://unicamelrose.com,NOT
1846,uniforms for the dedicated,https://uniformsforthededicated.com,NOT
1847,uniqlo,https://uniqlo.com,SUS
1848,unique,https://www.unique1989.com,NOT
1849,united by blue,https://unitedbyblue.com,SUS
1850,united colors of benetton,https://nl.benetton.com/,NOT
1851,unrecorded,https://unrecorded.co,SUS
1852,uprise,http://upriseskateboards.com,SUS
1853,urban apothecary,https://urbanapothecarylondon.com,NOT
1854,urban classics,https://urban-classics.net,SUS
1855,urban goddess,https://urban-goddess.com,SUS
1856,urbanears,https://urbanears.com,NOT
1857,usha,http://usha.de,NOT
1858,uvex,https://uvex-safety.com,SUS
1859,uyn,https://uynsports.com,NOT
1860,vabeene,https://www.vabeeneshoes.com,SUS
1861,vagabond,https://vagabondapparel.com,NOT
1862,valentino,https://valentino.com,NOT
1863,van bommel,https://int.florisvanbommel.com,NOT
1864,van gils,https://vangils.eu,NOT
1865,van haren,https://www.vanharen.nl,NOT
1866,van hulley,https://vanhulley.com,SUS
1867,van lier,https://www.vanlier.nl,NOT
1868,vanilia,https://vanilia.com,NOT
1869,vans,https://vans.com,NOT
1870,vanzetti,https://vanzetti.fashion,SUS
1871,vatter,https://vatter-fashion.com,SUS
1872,vaude,https://vaude.com,SUS
1873,veganino,https://veganino.net,SUS
1874,vegetarian shoes,https://vegetarian-shoes.co.uk,NOT
1875,veja,http://veja-store.com,SUS
1876,velour by nostalgi,https://velourstore.com/int,SUS
1877,velvet,https://velvet-tees.com,NOT
1878,verbenas,https://ilikeverbenas.com,SUS
1879,verhip,https://babyverhip.nl,SUS
1880,verhulst,https://verhulstcasuals.nl,SUS
1881,vero moda,https://veromoda.com,NOT
1882,versace,https://versace.com,NOT
1883,vibram fivefingers,https://vibram.nl/,NOT
1884,victoria,https://victoriabeckham.com,NOT
1885,victoria hyde,https://victoriahyde.co.uk,NOT
1886,vidorreta,https://vidorreta.com,NOT
1887,vila,https://vila.com,NOT
1888,vildnis,https://vildnis.co.uk,SUS
1889,vilebrequin,https://vilebrequin.com,NOT
1890,vimma,https://vimmacompany.com,SUS
1891,vineyard vines,https://vineyardvines.com,NOT
1892,vingino,https://vingino.com,NOT
1893,vintage supply,https://vintage-supply.com/,SUS
1894,violet fish fashio,https://violetfishfashion.com.au,SUS
1895,vision street wear,http://visionstreetwear.com,NOT
1896,visvim,https://visvim.tv,SUS
1897,vitaly,https://vitalydesign.com,NOT
1898,vivienne westwood,https://viviennewestwood.com,NOT
1899,vivobarefoot,https://vivobarefoot.com,NOT
1900,voda swim,https://vodaswim.com,NOT
1901,voi,https://voijeans.com,NOT
1902,volcom,https://volcom.com,SUS
1903,vole la lumiere,https://www.volelalumiere.com,SUS
1904,von dutch,https://vondutch.com,NOT
1905,von jungfeld,https://jungfeld.com/eu,SUS
1906,voodoo vixen,https://voodoovixen.co.uk,SUS
1907,vossen,https://vossenwheels.com,SUS
1908,wal g.,https://www.walg.co.uk,SUS
1909,waldviertler,https://gea-waldviertler.de,SUS
1910,walk london,https://www.walklondonshoes.com,NOT
1911,wana bana,https://www.wanabanadesign.com,SUS
1912,wasni,https://www.wasni.de,SUS
1913,we are cph,https://wearecph.com,NOT
1914,wearcolour,https://wearcolour.com,NOT
1915,weekday,https://www.weekday.com,NOT
1916,wehkamp,https://www.wehkamp.nl,NOT
1917,wellensteyn,https://www.wellensteyn.com,NOT
1918,wellicious,https://www.wellicious.com,SUS
1919,wemoto,https://wemotoclothing.com,NOT
1920,wenger,https://www.wenger.ch,NOT
1921,werner,https://wernerstore.com,SUS
1922,wesc,https://shopwesc.com,SUS
1923,whistles,https://www.whistles.com,NOT
1924,white mountaineering,http://www.whitemountaineering.com,SUS
1925,white stuff,https://www.whitestuff.com,NOT
1926,who's that girl,https://www.whosthatgirl-shop.eu,SUS
1927,whyred,http://www.whyred.com,NOT
1928,wibra,https://wibra.eu,NOT
1929,wild,https://www.reallywildclothing.com,SUS
1930,wild fawn,https://wildfawnclothing.com,SUS
1931,wild hunt,https://wildhuntclothing.com,SUS
1932,wildthings,https://www.wildthingsgear.com,SUS
1933,witt,https://www.witt-international.co.uk,NOT
1934,woden,https://woden.com,SUS
1935,wolford,https://www.wolfordshop.co.uk,NOT
1936,wolky,https://www.wolkyshop.co.uk,NOT
1937,woodbird,https://woodbird.dk,SUS
1938,woodlike ocean,https://woodlikeocean.com,SUS
1939,woolpower,https://www.woolpower.se,SUS
1940,wrangler,https://www.wrangler.co.uk,NOT
1941,wunderwerk,https://www.wunderwerk.com,SUS
1942,xd design,https://xd-design.com,SUS
1943,y not?,https://ynotfashion.co.uk,SUS
1944,yaya,https://yaya.nl,NOT
1945,yellow cab,https://www.yellowcab-shoes.com,NOT
1946,yeti,https://yeti.com,SUS
1947,young frankk,https://youngfrankk.com,SUS
1948,your face,https://yourface.fi,NOT
1949,yours,https://yoursclothing.com,SUS
1950,yumi,https://yumi.co.uk,NOT
1951,yunit,https://yunit-studio.com,SUS
1952,z shoes,https://zshoesorganic.com/,SUS
1953,z8,https://z8.nl,NOT
1954,zalando,https://zalando.co.uk,NOT
1955,zanerobe,https://zanerobe.com,SUS
1956,zara,https://zara.com,SUS
1957,zarkoperfume,https://www.zarkoperfume.com,SUS
1958,zazu amsterdam,https://zazuamsterdam.nl,SUS
1959,zebratod/ ilona von preuschen,https://ilonavonpreuschen-shop.de/,SUS
1960,zeeman,https://zeeman.com,SUS
1961,zen by sen,https://zenbysen.com,SUS
1962,zendee,https://zendee.nl,SUS
1963,ziener,https://ziener.com,NOT
1964,zizzi,https://zizzifashion.com,NOT
1965,zokk'n,https://zokkn.be,SUS
1966,zoé muse,https://zoemuse-fashion.com/,SUS
1967,zumo,https://zumo-international.com,NOT
1968,zwilling,https://zwilling.com,NOT
1969,zwillingsherz,https://zwillingsherz.com,NOT
1970,solid,https://solidmen.com,NOT
1971,10days,https://10dayslifestyle.nl,NOT
1972,a.s.98,https://as-98.com,NOT
1973,alternative apparel,https://alternativeapparel.com,SUS
1974,armedangels,https://armedangels.de,SUS
1975,state of art,https://stateofart.com,NOT
1976,article22,https://article22.com,SUS
1977,bamboodaddy,https://bamboodaddy.nl,SUS
1978,blauer.usa,https://blauerusa.com,NOT
1979,bleed clothing,https://bleed-clothing.com,SUS
1980,blue loop original,https://bluelooporiginals.com,SUS
1981,bric’s,https://bricstore.com,SUS
1982,chrome industries,https://chromeindustries.com,NOT
1983,continental clothi,https://continentalclothing.com,SUS
1984,curare yogawear,https://curare-yogawear.com,SUS
1985,denham the jeanmak,https://www.denhamthejeanmaker.com,NOT
1986,dr.denim,https://drdenim.com,NOT
1987,engel natur,https://engel-natur.de,SUS
1988,erlich textil,https://erlich-textil.de,SUS
1989,fox racing,https://foxracing.com,NOT
1990,the goodpeople,https://thegoodpeople.com,SUS
1991,hollister co.,https://hollisterco.com,NOT
1992,knowledge cotton apparel,https://knowledgecottonapparel.com,SUS
1993,libertine-libertine,https://libertine-libertine.com,NOT
1994,ltb jeans,http://www.ltbjeans.com,NOT
1995,melawear,https://melawear.de,SUS
1996,muroexe,https://eu.muroexe.com,SUS
1997,obey clothing,https://obeyclothing.com,SUS
1998,p.i.c style,https://pic-style.com,SUS
1999,pantofola d’oro,https://pantofoladoro.com,NOT
2000,ps paul smith,https://paulsmith.com,NOT
2001,picture organic clothing,https://picture-organic-clothing.com,SUS
2002,sand copenhagen,https://sandcopenhagen.com,NOT
2003,schott nyc,https://schottnyc.com,NOT
2004,suite13,http://suite13.es,SUS
2005,superdry.,https://superdry.com,NOT
2006,thokkthokk,https://thokkthokk.com,SUS
2007,timbuk2,https://timbuk2.com,SUS
2008,alpaca loca,https://www.alpacaloca.nl,SUS
2009,solo socks,https://solosocks.co,SUS
2010,dierbaar goed,https://www.dierbaargoedarnhem.nl,SUS
2011,pernille corydon,https://www.pernillecorydon.com,NOT
2012,moscow,https://svmoscow.com,NOT
2013,via vai,https://www.viavaifashion.com,NOT
2014,zhrill,https://www.zhrill.eu,NOT
